bin	chrom	chromStart	chromEnd	name	score	strand	otherChrom	otherStart	otherEnd	otherSize	uid	posBasesHit	testResult	verdict	chits	ccov	alignfile	alignL	indelN	indelS	alignB	matchB	mismatchB	transitionsB	transversionsB	fracMatch	fracMatchIndel	jcK	k2K
586	chr19	172443	245610	chr16:90122322	0	-	chr16	90122322	90196344	74022	16009	1000	N/A	N/A	N/A	N/A	align_both/0010/both0053853	74514	61	1839	72675	72109	566	344	222	0.992212	0.99138	0.00782882	0.00783231
586	chr19	183990	245554	chr3:198174505	0	-	chr3	198174505	198235559	61054	21776	1000	N/A	N/A	N/A	N/A	align_both/0013/both0065233	61769	48	920	60849	60524	325	219	106	0.994659	0.993875	0.0053602	0.00536271
586	chr19	201429	245674	chr17:68923	0	+	chr17	68923	113213	44290	19804	1000	N/A	N/A	N/A	N/A	align_both/0011/both0055167	44432	37	329	44103	43730	373	252	121	0.991543	0.990711	0.00850552	0.00851194
586	chr19	204843	245570	chr1:139463	0	+	chr1	139463	180126	40663	21297	1000	N/A	N/A	N/A	N/A	align_both/0013/both0065169	40767	25	144	40623	40312	311	213	98	0.992344	0.991734	0.0076951	0.00770064
586	chr19	204843	245570	chr9:138237368	0	-	chr9	138237368	138277977	40609	22009	1000	N/A	N/A	N/A	N/A	align_both/0013/both0065431	40746	24	156	40590	40280	310	206	104	0.992363	0.991776	0.0076765	0.00768139
586	chr19	239306	245610	chr7:10238	0	+	chr7	10238	16461	6223	21957	1000	N/A	N/A	N/A	N/A	align_both/0013/both0065270	6313	11	99	6214	6111	103	69	34	0.983425	0.981687	0.0167614	0.0167857
586	chr19	241073	253501	chr8:200766	0	+	chr8	200766	213019	12253	21983	1000	N/A	N/A	N/A	N/A	align_both/0013/both0065420	12568	25	455	12113	11858	255	149	106	0.978948	0.976932	0.0213529	0.0213749
586	chr19	242230	244029	chr1:867728	0	+	chr1	867728	869546	1818	21301	1000	N/A	N/A	N/A	N/A	align_both/0013/both0065180	1819	3	21	1798	1739	59	38	21	0.967186	0.965575	0.0335537	0.0336384
586	chr19	242230	244825	chr16:90220571	0	-	chr16	90220571	90223190	2619	16011	1000	N/A	N/A	N/A	N/A	align_both/0010/both0053854	2622	6	30	2592	2493	99	65	34	0.961806	0.959584	0.0392013	0.0393272
586	chr19	242230	244825	chr2:242165372	0	-	chr2	242165372	242167991	2619	21624	1000	N/A	N/A	N/A	N/A	align_both/0013/both0065230	2622	6	30	2592	2494	98	62	36	0.962191	0.959969	0.0387949	0.0389006
586	chr19	242230	244825	chr8:63370	0	+	chr8	63370	65989	2619	21984	1000	N/A	N/A	N/A	N/A	align_both/0013/both0065421	2622	6	30	2592	2494	98	63	35	0.962191	0.959969	0.0387949	0.0389079
586	chr19	242230	245487	chr1:248926319	0	-	chr1	248926319	248929587	3268	21302	1000	N/A	N/A	N/A	N/A	align_both/0013/both0065210	3289	13	53	3236	3032	204	129	75	0.936959	0.93321	0.0658487	0.0661622
586	chr19	242230	245504	chr6:151943	0	+	chr6	151943	155205	3262	21897	1000	N/A	N/A	N/A	N/A	align_both/0013/both0065265	3291	19	46	3245	3049	196	130	66	0.939599	0.93413	0.0629718	0.0633192
586	chr19	242230	245512	chr19:58586727	0	-	chr19	58586727	58590012	3285	21350	1000	N/A	N/A	N/A	N/A	align_both/0013/both0065161	3289	7	11	3278	3195	83	52	31	0.97468	0.972603	0.0257576	0.0258016
586	chr19	242230	245555	chr4:190183142	0	-	chr4	190183142	190186791	3649	21817	1000	N/A	N/A	N/A	N/A	align_both/0013/both0065249	3659	11	344	3315	3130	185	115	70	0.944193	0.94107	0.0579923	0.0582164
586	chr19	242230	245555	chr10:133765660	0	-	chr10	133765660	133769310	3650	5211	1000	N/A	N/A	N/A	N/A	align_both/0001/both0009934	3659	10	343	3316	3126	190	118	72	0.942702	0.939868	0.0596049	0.0598411
586	chr19	242230	245573	chr22:50786349	0	-	chr22	50786349	50789696	3347	21745	1000	N/A	N/A	N/A	N/A	align_both/0013/both0065220	3350	6	10	3340	3256	84	51	33	0.97485	0.973102	0.025581	0.0256189
586	chr19	242230	245635	chr18:101553	0	+	chr18	101553	105300	3747	20843	1000	N/A	N/A	N/A	N/A	align_both/0012/both0062537	3756	13	360	3396	3229	167	102	65	0.950824	0.947199	0.0508618	0.0510202
586	chr19	242232	245503	chr4:24617	0	+	chr4	24617	27175	2558	21818	1000	N/A	N/A	N/A	N/A	align_both/0013/both0065234	2566	12	42	2524	2370	154	103	51	0.938986	0.934543	0.0636395	0.0640066
586	chr19	242232	245503	chr4:190099109	0	-	chr4	190099109	190101667	2558	21819	1000	N/A	N/A	N/A	N/A	align_both/0013/both0065250	2566	12	42	2524	2370	154	103	51	0.938986	0.934543	0.0636395	0.0640066
586	chr19	242232	245573	chr2:113621217	0	+	chr2	113621217	113624559	3342	21625	1000	N/A	N/A	N/A	N/A	align_both/0013/both0065226	3348	8	13	3335	3244	91	55	36	0.972714	0.970386	0.0277951	0.0278391
586	chr19	242488	245487	chr2:13454	0	+	chr2	13454	16764	3310	21626	1000	N/A	N/A	N/A	N/A	align_both/0013/both0065223	3324	19	339	2985	2763	222	128	94	0.925628	0.919774	0.0783228	0.0786214
586	chr19	246021	253227	chr22:50800462	0	-	chr22	50800462	50807771	7309	21746	1000	N/A	N/A	N/A	N/A	align_both/0013/both0065222	7575	19	635	6940	6643	297	166	131	0.957205	0.954591	0.0440649	0.044143
586	chr19	246021	253227	chr10:133780050	0	-	chr10	133780050	133787046	6996	5214	1000	N/A	N/A	N/A	N/A	align_both/0001/both0009936	7265	19	328	6937	6636	301	167	134	0.956609	0.953997	0.0446963	0.0447738
586	chr19	246021	253501	chr1:248937280	0	-	chr1	248937280	248945532	8252	21303	1000	N/A	N/A	N/A	N/A	align_both/0013/both0065211	8519	20	1306	7213	6920	293	164	129	0.959379	0.956726	0.0417626	0.041833
586	chr19	246021	253501	chr13:114346865	0	-	chr13	114346865	114353925	7060	9615	1000	N/A	N/A	N/A	N/A	align_both/0005/both0028398	7601	23	662	6939	6608	331	178	153	0.952299	0.949153	0.0492859	0.0493667
586	chr19	246021	259380	chr21:46681937	0	-	chr21	46681937	46699825	17888	21706	1000	N/A	N/A	N/A	N/A	align_both/0013/both0065217	14533	41	1579	12954	12470	484	278	206	0.962637	0.9596	0.0383257	0.0383927
586	chr19	246021	259380	chr4:190186927	0	-	chr4	190186927	190204489	17562	21820	1000	N/A	N/A	N/A	N/A	align_both/0013/both0065252	14219	39	1266	12953	12451	502	279	223	0.961245	0.958359	0.0397927	0.0398543
586	chr19	246021	259397	chr2:242168115	0	-	chr2	242168115	242183287	15172	21627	1000	N/A	N/A	N/A	N/A	align_both/0013/both0065231	13595	40	632	12963	12367	596	351	245	0.954023	0.951088	0.0474466	0.0475632
586	chr19	246279	259397	chr2:113603477	0	+	chr2	113603477	113621091	17614	21628	1000	N/A	N/A	N/A	N/A	align_both/0013/both0065227	14253	44	1546	12707	12245	462	266	196	0.963642	0.960317	0.0372687	0.0373327
586	chr19	246324	259397	chr19:58590136	0	-	chr19	58590136	58607454	17318	21351	1000	N/A	N/A	N/A	N/A	align_both/0013/both0065162	13955	42	1289	12666	12203	463	255	208	0.963445	0.960261	0.0374754	0.0375275
586	chr19	246788	250986	chr20:64282024	0	-	chr20	64282024	64286324	4300	21672	1000	N/A	N/A	N/A	N/A	align_both/0013/both0065215	4374	30	250	4124	3775	349	186	163	0.915373	0.908763	0.0897936	0.0900622
586	chr19	248053	257292	chr6:170598034	0	-	chr6	170598034	170608165	10131	21898	1000	N/A	N/A	N/A	N/A	align_both/0013/both0065268	12009	55	4648	7361	6781	580	316	264	0.921206	0.914374	0.0832474	0.0835044
586	chr19	248365	253228	chr17:83242276	0	-	chr17	83242276	83247136	4860	19828	1000	N/A	N/A	N/A	N/A	align_both/0012/both0061652	4872	10	21	4851	4684	167	105	62	0.965574	0.963588	0.035241	0.0353256
586	chr19	248643	259081	chr5:181465240	0	-	chr5	181465240	181478259	13019	21867	1000	N/A	N/A	N/A	N/A	align_both/0013/both0065261	11199	34	931	10268	9862	406	251	155	0.96046	0.95729	0.0406208	0.040726
586	chr19	252840	259081	chr1:257666	0	+	chr1	257666	265770	8104	21304	1000	N/A	N/A	N/A	N/A	align_both/0013/both0065170	8246	24	2147	6099	5815	284	183	101	0.953435	0.949698	0.0480733	0.0482504
586	chr19	253503	257704	chr5:15398	0	+	chr5	15398	19535	4137	21868	1000	N/A	N/A	N/A	N/A	align_both/0013/both0065255	4222	17	106	4116	3908	208	126	82	0.949466	0.94556	0.0523176	0.0524794
586	chr19	253503	259081	chr17:83231426	0	-	chr17	83231426	83236859	5433	19826	1000	N/A	N/A	N/A	N/A	align_both/0012/both0061651	5594	22	177	5417	5175	242	142	100	0.955326	0.951462	0.04606	0.0461679
586	chr19	253503	259081	chr1:349720	0	+	chr1	349720	355152	5432	21305	1000	N/A	N/A	N/A	N/A	align_both/0013/both0065171	5589	21	168	5421	5174	247	152	95	0.954436	0.950753	0.0470063	0.0471455
586	chr19	253503	259081	chr6:170738786	0	-	chr6	170738786	170744227	5441	21899	1000	N/A	N/A	N/A	N/A	align_both/0013/both0065269	5601	24	183	5418	5168	250	152	98	0.953858	0.949651	0.047623	0.0477585
586	chr19	253503	259373	chr10:133769453	0	-	chr10	133769453	133775193	5740	5213	1000	N/A	N/A	N/A	N/A	align_both/0001/both0009935	5878	19	146	5732	5538	194	110	84	0.966155	0.962963	0.0346325	0.0346837
586	chr19	253503	259397	chr22:50789820	0	-	chr22	50789820	50795573	5753	21747	1000	N/A	N/A	N/A	N/A	align_both/0013/both0065221	5905	22	163	5742	5568	174	96	78	0.969697	0.965996	0.0309322	0.0309677
586	chr19	253504	259396	chr4:17625	0	+	chr4	17625	24488	6863	21821	1000	N/A	N/A	N/A	N/A	align_both/0013/both0065236	6957	33	1159	5798	5445	353	215	138	0.939117	0.933802	0.0634967	0.0637441
586	chr19	253504	259396	chr4:190101796	0	-	chr4	190101796	190114947	13151	21822	1000	N/A	N/A	N/A	N/A	align_both/0013/both0065254	13240	32	7437	5803	5443	360	219	141	0.937963	0.932819	0.0647535	0.0650098
586	chr19	253601	257968	chr1:248929950	0	-	chr1	248929950	248934207	4257	21306	1000	N/A	N/A	N/A	N/A	align_both/0013/both0065212	4377	16	130	4247	4077	170	100	70	0.959972	0.956369	0.041136	0.0412225
586	chr19	254172	258480	chr8:215767	0	+	chr8	215767	219879	4112	21985	1000	N/A	N/A	N/A	N/A	align_both/0013/both0065423	4329	21	238	4091	3885	206	121	85	0.949646	0.944796	0.0521245	0.0522643
586	chr19	254242	259397	chr16:90223314	0	-	chr16	90223314	90228345	5031	16013	1000	N/A	N/A	N/A	N/A	align_both/0010/both0053855	5174	22	162	5012	4759	253	153	100	0.949521	0.945371	0.0522579	0.0524182
586	chr19	255626	258805	chr14:106880460	0	-	chr14	106880460	106883159	2699	10684	1000	N/A	N/A	N/A	N/A	align_both/0006/both0034439	3198	17	518	2680	2556	124	66	58	0.953731	0.94772	0.0477574	0.0478291
586	chr19	256103	259397	chr8:60004	0	+	chr8	60004	63246	3242	21986	1000	N/A	N/A	N/A	N/A	align_both/0013/both0065424	3304	12	72	3232	3055	177	101	76	0.945235	0.941739	0.0568673	0.0570134
586	chr19	256745	259380	chr18:98796	0	+	chr18	98796	101414	2618	20841	1000	N/A	N/A	N/A	N/A	align_both/0012/both0062536	2658	11	63	2595	2435	160	89	71	0.938343	0.934382	0.0643395	0.0645061
587	chr19	298416	299790	chr19:299793	0	+	chr19	299793	301173	1380	21352	1000	N/A	N/A	N/A	N/A	align_both/0013/both0065156	1390	10	26	1364	1302	62	10	52	0.954545	0.947598	0.0468903	0.0469425
589	chr19	613245	617150	chr15:30224482	0	+	chr15	30224482	30226240	1758	13085	1000	N/A	N/A	N/A	N/A	align_both/0007/both0039439	2130	6	371	1759	1678	81	57	24	0.953951	0.950708	0.0475232	0.047768
589	chr19	613245	617150	chr15:32312448	0	-	chr15	32312448	32314206	1758	13086	1000	N/A	N/A	N/A	N/A	align_both/0008/both0040191	2130	6	371	1759	1679	80	56	24	0.95452	0.951275	0.0469178	0.0471515
592	chr19	973174	975923	chr9:42287205	0	-	chr9	42287205	42290001	2796	22010	1000	N/A	N/A	N/A	N/A	align_both/0013/both0065497	2822	28	99	2723	2466	257	155	102	0.905619	0.896401	0.10087	0.101495
592	chr19	973174	975923	chr9:66830007	0	+	chr9	66830007	66832802	2795	22011	1000	N/A	N/A	N/A	N/A	align_both/0013/both0065503	2822	28	100	2722	2473	249	155	94	0.908523	0.899273	0.0975552	0.098223
592	chr19	973176	975923	chr9:39532497	0	-	chr9	39532497	39535289	2792	22012	1000	N/A	N/A	N/A	N/A	align_both/0013/both0065494	2819	28	99	2720	2472	248	155	93	0.908824	0.899563	0.0972131	0.0978875
599	chr19	1876976	1878169	chr15:23225649	0	+	chr15	23225649	23226874	1225	13083	1000	N/A	N/A	N/A	N/A	align_both/0007/both0038032	1236	12	54	1182	1085	97	53	44	0.917936	0.90871	0.086911	0.0871964
599	chr19	1876976	1880085	chr15:28454622	0	+	chr15	28454622	28457776	3154	13084	1000	N/A	N/A	N/A	N/A	align_both/0007/both0038954	3175	25	87	3088	2837	251	151	100	0.918718	0.91134	0.0860335	0.0864751
599	chr19	1876976	1880093	chr16:32726384	0	+	chr16	32726384	32729538	3154	15998	1000	N/A	N/A	N/A	N/A	align_both/0009/both0048803	3168	22	65	3103	2831	272	164	108	0.912343	0.90592	0.0932174	0.0937454
599	chr19	1876976	1880093	chr16:33140869	0	-	chr16	33140869	33144023	3154	15999	1000	N/A	N/A	N/A	N/A	align_both/0009/both0049248	3168	22	65	3103	2832	271	163	108	0.912665	0.90624	0.0928525	0.0933706
599	chr19	1876976	1881805	chr22:22114624	0	+	chr22	22114624	22118244	3620	21748	1000	N/A	N/A	N/A	N/A	align_both/0013/both0065522	3725	16	108	3617	3527	90	59	31	0.975118	0.970823	0.0253046	0.0253559
599	chr19	1876977	1881802	chr22:20667596	0	+	chr22	20667596	20671201	3605	21749	1000	N/A	N/A	N/A	N/A	align_both/0013/both0065520	3733	17	143	3590	3479	111	73	38	0.969081	0.964513	0.0315746	0.0316561
599	chr19	1876977	1881805	chr1:214605456	0	+	chr1	214605456	214609079	3623	21307	1000	N/A	N/A	N/A	N/A	align_both/0013/both0065518	3723	12	102	3621	3515	106	70	36	0.970726	0.96752	0.0298603	0.0299343
599	chr19	1876978	1881805	chr17:20840807	0	-	chr17	20840807	20844479	3672	19808	1000	N/A	N/A	N/A	N/A	align_both/0011/both0056956	3684	7	36	3648	3573	75	48	27	0.979441	0.977565	0.0208463	0.0208776
599	chr19	1876978	1881805	chr1:148146156	0	-	chr1	148146156	148149788	3632	21308	1000	N/A	N/A	N/A	N/A	align_both/0013/both0065516	3721	6	90	3631	3591	40	28	12	0.988984	0.987352	0.011098	0.0111105
599	chr19	1876982	1880093	chr16:32199900	0	-	chr16	32199900	32203042	3142	15997	1000	N/A	N/A	N/A	N/A	align_both/0009/both0048404	3162	22	71	3091	2824	267	160	107	0.91362	0.907164	0.0917724	0.0922696
621	chr19	4791734	4795548	chr18:14390223	0	-	chr18	14390223	14394029	3806	20844	1000	N/A	N/A	N/A	N/A	align_both/0012/both0063246	3839	9	58	3781	3570	211	136	75	0.944195	0.941953	0.0579906	0.0582515
621	chr19	4791734	4795554	chr21:6897166	0	+	chr21	6897166	6900989	3823	21707	1000	N/A	N/A	N/A	N/A	align_both/0013/both0065588	3837	7	31	3806	3598	208	131	77	0.945349	0.943614	0.056744	0.0569705
621	chr19	4791734	4795554	chr21:13762214	0	+	chr21	13762214	13766037	3823	21708	1000	N/A	N/A	N/A	N/A	align_both/0013/both0065589	3837	7	31	3806	3601	205	129	76	0.946138	0.944401	0.0558943	0.0561131
621	chr19	4791734	4795554	chr13:18665113	0	+	chr13	18665113	18668936	3823	9607	1000	N/A	N/A	N/A	N/A	align_both/0004/both0023822	3844	11	45	3799	3600	199	132	67	0.947618	0.944882	0.0543014	0.0545573
622	chr19	4886716	4888872	chr19:4883936	0	+	chr19	4883936	4886651	2715	21357	1000	N/A	N/A	N/A	N/A	align_both/0013/both0065597	2732	8	593	2139	1969	170	119	51	0.920524	0.917094	0.0840107	0.0847915
628	chr19	5664734	5668478	chr11:122616535	0	+	chr11	122616535	122619466	2931	6818	1000	N/A	N/A	N/A	N/A	align_both/0003/both0016726	3769	16	863	2906	2707	199	126	73	0.931521	0.92642	0.0718096	0.072187
629	chr19	5831431	5832790	chr19:5843697	0	+	chr19	5843697	5845062	1365	21358	1000	N/A	N/A	N/A	N/A	align_both/0013/both0065615	1371	3	18	1353	1235	118	77	41	0.912786	0.910767	0.0927153	0.0934451
629	chr19	5843697	5845062	chr19:5831431	0	+	chr19	5831431	5832790	1359	21358	1000	N/A	N/A	N/A	N/A	align_both/0013/both0065615	1371	3	18	1353	1235	118	77	41	0.912786	0.910767	0.0927153	0.0934451
629	chr19	5863334	5864595	chr19:5876603	0	+	chr19	5876603	5877848	1245	21359	1000	N/A	N/A	N/A	N/A	align_both/0013/both0065616	1277	11	48	1229	1125	104	64	40	0.915378	0.907258	0.089788	0.0903217
629	chr19	5876603	5877848	chr19:5863334	0	+	chr19	5863334	5864595	1261	21359	1000	N/A	N/A	N/A	N/A	align_both/0013/both0065616	1277	11	48	1229	1125	104	64	40	0.915378	0.907258	0.089788	0.0903217
634	chr19	6494358	6496222	chrX:123561918	0	-	chrX	123561918	123563798	1880	22201	1000	N/A	N/A	N/A	N/A	align_both/0013/both0065686	1890	6	36	1854	1713	141	110	31	0.923948	0.920968	0.0801899	0.0812376
634	chr19	6495203	6496210	chr16:89934739	0	-	chr16	89934739	89935746	1007	16008	1000	N/A	N/A	N/A	N/A	align_both/0010/both0053821	1007	0	0	1007	934	73	37	36	0.927507	0.927507	0.0762395	0.0763836
634	chr19	6495206	6496213	chr6:3153908	0	+	chr6	3153908	3154915	1007	21900	1000	N/A	N/A	N/A	N/A	align_both/0013/both0065667	1007	0	0	1007	935	72	33	39	0.9285	0.9285	0.075141	0.0752137
634	chr19	6495206	6496213	chr6:3224796	0	+	chr6	3224796	3225803	1007	21901	1000	N/A	N/A	N/A	N/A	align_both/0013/both0065669	1007	0	0	1007	936	71	32	39	0.929494	0.929494	0.0740441	0.0741063
637	chr19	6896657	6897776	chr19:6897803	0	+	chr19	6897803	6898912	1109	21360	1000	N/A	N/A	N/A	N/A	align_both/0013/both0065688	1139	3	50	1089	1049	40	27	13	0.963269	0.960623	0.0376609	0.0377904
637	chr19	6897803	6898912	chr19:6896657	0	+	chr19	6896657	6897776	1119	21360	1000	N/A	N/A	N/A	N/A	align_both/0013/both0065688	1139	3	50	1089	1049	40	27	13	0.963269	0.960623	0.0376609	0.0377904
638	chr19	7018679	7052022	chr19:7018679	0	-	chr19	7018679	7052022	33343	21361	1000	N/A	N/A	N/A	N/A	align_both/0013/both0065689	33601	52	516	33085	32690	395	146	249	0.988061	0.986511	0.012035	0.0120351
644	chr19	7740475	7742403	chr5:112891676	0	+	chr5	112891676	112893356	1680	21869	1000	N/A	N/A	N/A	N/A	align_both/0013/both0065734	2026	17	444	1582	1427	155	104	51	0.902023	0.892433	0.104995	0.106056
645	chr19	7878617	7880232	chr6:33364722	0	+	chr6	33364722	33366354	1632	21902	1000	N/A	N/A	N/A	N/A	align_both/0013/both0065742	1633	5	19	1614	1518	96	72	24	0.94052	0.937616	0.0619707	0.062505
651	chr19	8735219	8738539	chr19:8790872	0	-	chr19	8790872	8794192	3320	21363	1000	N/A	N/A	N/A	N/A	align_both/0013/both0065800	3350	16	60	3290	3053	237	138	99	0.927964	0.923472	0.0757348	0.0760262
651	chr19	8736834	8746033	chr19:8746033	0	+	chr19	8746033	8753497	7464	21365	1000	N/A	N/A	N/A	N/A	align_both/0013/both0065802	9224	12	1785	7439	7247	192	96	96	0.97419	0.972621	0.0262645	0.0262793
651	chr19	8736834	8757735	chr19:8760953	0	+	chr19	8760953	8778939	17986	21364	1000	N/A	N/A	N/A	N/A	align_both/0013/both0065801	20925	20	2963	17962	17707	255	125	130	0.985803	0.984707	0.0143327	0.0143366
81	chr19	8778939	8790250	chr19:8752415	0	+	chr19	8752415	8763522	11107	21367	1000	N/A	N/A	N/A	N/A	align_both/0013/both0065804	11350	16	282	11068	10804	264	126	138	0.976147	0.974738	0.0242401	0.0242495
652	chr19	8786393	8790250	chr19:8778939	0	+	chr19	8778939	8782587	3648	21371	1000	N/A	N/A	N/A	N/A	align_both/0013/both0065809	3888	12	271	3617	3385	232	110	122	0.935858	0.932764	0.0670515	0.0671241
652	chr19	8790868	8792578	chr19:8746033	0	-	chr19	8746033	8747759	1726	21366	1000	N/A	N/A	N/A	N/A	align_both/0013/both0065803	1731	8	26	1705	1544	161	76	85	0.905572	0.901343	0.100924	0.101091
652	chr19	8790868	8792578	chr19:8753497	0	-	chr19	8753497	8755213	1716	21368	1000	N/A	N/A	N/A	N/A	align_both/0013/both0065805	1726	8	26	1700	1552	148	70	78	0.912941	0.908665	0.0925402	0.0926808
652	chr19	8790868	8792578	chr19:8760953	0	-	chr19	8760953	8762669	1716	21369	1000	N/A	N/A	N/A	N/A	align_both/0013/both0065806	1726	8	26	1700	1552	148	70	78	0.912941	0.908665	0.0925402	0.0926808
652	chr19	8790868	8792578	chr19:8774709	0	-	chr19	8774709	8776422	1713	21370	1000	N/A	N/A	N/A	N/A	align_both/0013/both0065808	1726	9	29	1697	1547	150	70	80	0.911609	0.9068	0.0940492	0.0941819
652	chr19	8790868	8792578	chr19:8780020	0	-	chr19	8780020	8781734	1714	21372	1000	N/A	N/A	N/A	N/A	align_both/0013/both0065810	1726	8	28	1698	1546	152	73	79	0.910483	0.906213	0.0953265	0.0954921
652	chr19	8790872	8794192	chr19:8735219	0	-	chr19	8735219	8738539	3320	21363	1000	N/A	N/A	N/A	N/A	align_both/0013/both0065800	3350	16	60	3290	3053	237	138	99	0.927964	0.923472	0.0757348	0.0760262
658	chr19	9607417	9611337	chr5:54857358	0	-	chr5	54857358	54860481	3123	21870	1000	N/A	N/A	N/A	N/A	align_both/0013/both0066006	3972	17	901	3071	2855	216	146	70	0.929665	0.924547	0.0738553	0.0743767
658	chr19	9650971	9661502	chr19:9688843	0	+	chr19	9688843	9696913	8070	21373	1000	N/A	N/A	N/A	N/A	align_both/0013/both0065986	10739	58	2877	7862	7142	720	435	285	0.90842	0.901768	0.0976724	0.0982604
658	chr19	9688843	9696913	chr19:9650971	0	+	chr19	9650971	9661502	10531	21373	1000	N/A	N/A	N/A	N/A	align_both/0013/both0065986	10739	58	2877	7862	7142	720	435	285	0.90842	0.901768	0.0976724	0.0982604
658	chr19	9688857	9691392	chr19:9722363	0	+	chr19	9722363	9725203	2840	21374	1000	N/A	N/A	N/A	N/A	align_both/0013/both0065987	2850	13	325	2525	2301	224	137	87	0.911287	0.906619	0.0944138	0.0949914
658	chr19	9688859	9691237	chr5:54857396	0	-	chr5	54857396	54859772	2376	21871	1000	N/A	N/A	N/A	N/A	align_both/0013/both0066008	2388	7	22	2366	2166	200	120	80	0.915469	0.912769	0.0896857	0.090162
659	chr19	9722363	9725203	chr19:9688857	0	+	chr19	9688857	9691392	2535	21374	1000	N/A	N/A	N/A	N/A	align_both/0013/both0065987	2850	13	325	2525	2301	224	137	87	0.911287	0.906619	0.0944138	0.0949914
659	chr19	9722368	9725051	chr5:54857391	0	-	chr5	54857391	54859769	2378	21872	1000	N/A	N/A	N/A	N/A	align_both/0013/both0066009	2695	13	329	2366	2154	212	133	79	0.910397	0.905422	0.0954237	0.0960826
674	chr19	11665720	11667089	chr16:51645758	0	-	chr16	51645758	51647131	1373	16001	1000	N/A	N/A	N/A	N/A	align_both/0010/both0052587	1373	2	4	1369	1353	16	13	3	0.988313	0.986871	0.0117794	0.0118036
674	chr19	11665723	11667089	chr7:87521401	0	-	chr7	87521401	87522765	1364	21959	1000	N/A	N/A	N/A	N/A	align_both/0013/both0066142	1379	11	28	1351	1246	105	76	29	0.92228	0.914831	0.0820489	0.0828906
674	chr19	11665731	11667054	chr1:240919628	0	-	chr1	240919628	240920958	1330	21309	1000	N/A	N/A	N/A	N/A	align_both/0013/both0066102	1333	4	13	1320	1237	83	54	29	0.937121	0.93429	0.0656719	0.0660226
674	chr19	11665731	11667061	chr6:5608888	0	+	chr6	5608888	5610229	1341	21903	1000	N/A	N/A	N/A	N/A	align_both/0013/both0066131	1347	7	23	1324	1257	67	45	22	0.949396	0.944403	0.0523923	0.0526421
674	chr19	11665731	11667090	chr5:80358740	0	+	chr5	80358740	80360100	1360	21873	1000	N/A	N/A	N/A	N/A	align_both/0013/both0066128	1361	3	3	1358	1316	42	30	12	0.969072	0.966936	0.0315836	0.031696
674	chr19	11665733	11667019	chr9:4944336	0	+	chr9	4944336	4945893	1557	22013	1000	N/A	N/A	N/A	N/A	align_both/0013/both0066147	1597	7	351	1246	1175	71	51	20	0.943018	0.937749	0.0592633	0.0596797
674	chr19	11665733	11667045	chr11:74354427	0	-	chr11	74354427	74356063	1636	6811	1000	N/A	N/A	N/A	N/A	align_both/0002/both0014949	1641	7	334	1307	1228	79	59	20	0.939556	0.934551	0.0630187	0.0635635
674	chr19	11665733	11667063	chr15:65815914	0	+	chr15	65815914	65817537	1623	13093	1000	N/A	N/A	N/A	N/A	align_both/0008/both0042516	1648	8	343	1305	1206	99	59	40	0.924138	0.918507	0.0799789	0.0803422
674	chr19	11665733	11667067	chrX:100887298	0	+	chrX	100887298	100888628	1330	22203	1000	N/A	N/A	N/A	N/A	align_both/0013/both0066152	1336	5	8	1328	1259	69	50	19	0.948042	0.944486	0.0538453	0.0541982
674	chr19	11665733	11667073	chr2:41156551	0	-	chr2	41156551	41157894	1343	21629	1000	N/A	N/A	N/A	N/A	align_both/0013/both0066105	1346	5	9	1337	1246	91	61	30	0.931937	0.928465	0.0713518	0.0718214
674	chr19	11665733	11667088	chr8:141459016	0	-	chr8	141459016	141460372	1356	21987	1000	N/A	N/A	N/A	N/A	align_both/0013/both0066146	1366	7	21	1345	1259	86	60	26	0.936059	0.931213	0.0668317	0.0673103
674	chr19	11665733	11667089	chr18:32411876	0	+	chr18	32411876	32413235	1359	20845	1000	N/A	N/A	N/A	N/A	align_both/0012/both0064262	1359	2	3	1356	1333	23	15	8	0.983038	0.981591	0.0171564	0.0171793
674	chr19	11665734	11666828	chr8:82291290	0	+	chr8	82291290	82292384	1094	21988	1000	N/A	N/A	N/A	N/A	align_both/0013/both0066144	1095	2	2	1093	1071	22	18	4	0.979872	0.978082	0.0204031	0.020478
674	chr19	11665734	11667068	chr3:39334937	0	-	chr3	39334937	39336275	1338	21778	1000	N/A	N/A	N/A	N/A	align_both/0013/both0066113	1339	4	6	1333	1251	82	57	25	0.938485	0.935677	0.0641852	0.0646193
674	chr19	11665734	11667089	chr2:201063029	0	-	chr2	201063029	201064386	1357	21630	1000	N/A	N/A	N/A	N/A	align_both/0013/both0066111	1357	2	2	1355	1318	37	29	8	0.972694	0.97126	0.0278158	0.027937
674	chr19	11665735	11667067	chr4:73938275	0	+	chr4	73938275	73939601	1326	21823	1000	N/A	N/A	N/A	N/A	align_both/0013/both0066124	1333	5	8	1325	1247	78	62	16	0.941132	0.937594	0.0613067	0.0619467
674	chr19	11665735	11667089	chr8:81807712	0	-	chr8	81807712	81809068	1356	21989	1000	N/A	N/A	N/A	N/A	align_both/0013/both0066143	1357	3	4	1353	1269	84	55	29	0.937916	0.935841	0.0648051	0.0651552
674	chr19	11665735	11667089	chr13:20947952	0	+	chr13	20947952	20949658	1706	9608	1000	N/A	N/A	N/A	N/A	align_both/0004/both0024376	1711	7	362	1349	1266	83	53	30	0.938473	0.933628	0.0641979	0.0645077
674	chr19	11665737	11667089	chr15:67627791	0	-	chr15	67627791	67629469	1678	13094	1000	N/A	N/A	N/A	N/A	align_both/0008/both0042652	1683	8	336	1347	1251	96	74	22	0.92873	0.923247	0.0748868	0.0757582
674	chr19	11665737	11667089	chr7:84983496	0	-	chr7	84983496	84984839	1343	21960	1000	N/A	N/A	N/A	N/A	align_both/0013/both0066141	1352	3	9	1343	1297	46	38	8	0.965748	0.963596	0.0350585	0.0352904
674	chr19	11665737	11667089	chr12:9027194	0	+	chr12	9027194	9029148	1954	8159	1000	N/A	N/A	N/A	N/A	align_both/0003/both0017792	1960	8	614	1346	1244	102	67	35	0.92422	0.918759	0.0798877	0.080436
674	chr19	11665737	11667092	chr19:41829605	0	-	chr19	41829605	41831267	1662	21375	1000	N/A	N/A	N/A	N/A	align_both/0013/both0066091	1665	5	313	1352	1275	77	61	16	0.943047	0.939573	0.0592312	0.0598205
674	chr19	11665738	11667028	chr17:2306761	0	-	chr17	2306761	2308048	1287	19806	1000	N/A	N/A	N/A	N/A	align_both/0011/both0055435	1291	3	5	1286	1213	73	50	23	0.943235	0.94104	0.0590283	0.0593732
674	chr19	11665738	11667089	chrX:74472679	0	+	chrX	74472679	74474012	1333	22204	1000	N/A	N/A	N/A	N/A	align_both/0013/both0066151	1364	6	44	1320	1216	104	69	35	0.921212	0.917044	0.083241	0.083863
674	chr19	11665738	11667089	chrX:119220722	0	-	chrX	119220722	119222074	1352	22205	1000	N/A	N/A	N/A	N/A	align_both/0013/both0066154	1357	7	11	1346	1279	67	47	20	0.950223	0.945307	0.0515059	0.0517912
674	chr19	11665739	11667065	chr1:191145699	0	+	chr1	191145699	191146996	1297	21310	1000	N/A	N/A	N/A	N/A	align_both/0013/both0066100	1329	5	35	1294	1195	99	64	35	0.923493	0.919938	0.0806966	0.0812215
674	chr19	11665739	11667068	chr4:77987532	0	+	chr4	77987532	77988851	1319	21824	1000	N/A	N/A	N/A	N/A	align_both/0013/both0066125	1330	4	12	1318	1233	85	63	22	0.935508	0.932678	0.0674344	0.0680443
674	chr19	11665740	11667065	chr9:88410206	0	+	chr9	88410206	88411498	1292	22014	1000	N/A	N/A	N/A	N/A	align_both/0013/both0066148	1330	7	43	1287	1214	73	46	27	0.943279	0.938176	0.0589806	0.0592264
674	chr19	11665740	11667083	chr2:206418973	0	+	chr2	206418973	206420291	1318	21631	1000	N/A	N/A	N/A	N/A	align_both/0013/both0066112	1347	7	33	1314	1247	67	46	21	0.949011	0.943982	0.0528054	0.0530821
674	chr19	11665740	11667089	chr1:179455892	0	+	chr1	179455892	179457392	1500	21311	1000	N/A	N/A	N/A	N/A	align_both/0013/both0066099	1509	7	169	1340	1252	88	59	29	0.934328	0.929473	0.0687265	0.0691613
674	chr19	11665741	11667085	chr3:42889305	0	-	chr3	42889305	42890631	1326	21779	1000	N/A	N/A	N/A	N/A	align_both/0013/both0066114	1345	5	20	1325	1246	79	52	27	0.940377	0.936842	0.0621261	0.0624538
674	chr19	11665741	11667094	chr1:202911747	0	-	chr1	202911747	202913062	1315	21312	1000	N/A	N/A	N/A	N/A	align_both/0013/both0066101	1362	7	56	1306	1233	73	52	21	0.944104	0.939071	0.0580884	0.0584757
674	chr19	11665742	11667090	chr13:52642432	0	-	chr13	52642432	52643782	1350	9612	1000	N/A	N/A	N/A	N/A	align_both/0005/both0025944	1350	2	2	1348	1319	29	21	8	0.978487	0.977037	0.0218279	0.0218838
674	chr19	11665744	11666987	chr2:63751355	0	+	chr2	63751355	63752594	1239	21632	1000	N/A	N/A	N/A	N/A	align_both/0013/both0066107	1259	9	36	1223	1110	113	80	33	0.907604	0.900974	0.0986024	0.0997431
674	chr19	11665744	11667038	chr5:154337136	0	+	chr5	154337136	154338460	1324	21874	1000	N/A	N/A	N/A	N/A	align_both/0013/both0066130	1326	5	34	1292	1196	96	72	24	0.925697	0.922128	0.0782468	0.0791137
674	chr19	11665744	11667065	chr15:99284295	0	+	chr15	99284295	99285611	1316	13099	1000	N/A	N/A	N/A	N/A	align_both/0009/both0045902	1330	9	23	1307	1209	98	69	29	0.925019	0.918693	0.0789991	0.0797009
674	chr19	11665744	11667065	chr2:194187343	0	-	chr2	194187343	194188647	1304	21633	1000	N/A	N/A	N/A	N/A	align_both/0013/both0066110	1336	7	47	1289	1181	108	68	40	0.916214	0.911265	0.0888466	0.0894221
674	chr19	11665744	11667065	chr9:125595635	0	-	chr9	125595635	125596958	1323	22015	1000	N/A	N/A	N/A	N/A	align_both/0013/both0066149	1329	5	14	1315	1227	88	60	28	0.93308	0.929545	0.0700961	0.0705799
674	chr19	11665744	11667068	chr10:30517283	0	+	chr10	30517283	30518899	1616	5200	1000	N/A	N/A	N/A	N/A	align_both/0000/both0001731	1645	12	350	1295	1175	120	73	47	0.907336	0.899005	0.0989085	0.099531
674	chr19	11665744	11667089	chr15:35400631	0	-	chr15	35400631	35402098	1467	13087	1000	N/A	N/A	N/A	N/A	align_both/0008/both0041041	1509	10	206	1303	1205	98	71	27	0.924789	0.917746	0.0792549	0.0800406
674	chr19	11665745	11667025	chr3:80216244	0	-	chr3	80216244	80217696	1452	21780	1000	N/A	N/A	N/A	N/A	align_both/0013/both0066116	1456	8	180	1276	1163	113	74	39	0.911442	0.905763	0.0942382	0.0950043
674	chr19	11665745	11667056	chr1:54536769	0	-	chr1	54536769	54538075	1306	21313	1000	N/A	N/A	N/A	N/A	align_both/0013/both0066094	1319	6	21	1298	1201	97	66	31	0.92527	0.921012	0.0787208	0.079332
674	chr19	11665745	11667089	chr1:58047852	0	+	chr1	58047852	58049350	1498	21314	1000	N/A	N/A	N/A	N/A	align_both/0013/both0066095	1503	7	164	1339	1263	76	58	18	0.943241	0.938336	0.0590214	0.0595352
674	chr19	11665746	11667017	chr4:24771477	0	-	chr4	24771477	24772747	1270	21825	1000	N/A	N/A	N/A	N/A	align_both/0013/both0066122	1285	9	29	1256	1136	120	75	45	0.904459	0.898024	0.102199	0.102948
674	chr19	11665747	11667079	chr2:174309693	0	+	chr2	174309693	174311023	1330	21634	1000	N/A	N/A	N/A	N/A	align_both/0013/both0066109	1334	4	6	1328	1247	81	56	25	0.939006	0.936186	0.0636174	0.0640348
674	chr19	11665747	11667089	chr18:72618207	0	-	chr18	72618207	72619548	1341	20849	1000	N/A	N/A	N/A	N/A	align_both/0012/both0064945	1349	6	15	1334	1221	113	82	31	0.915292	0.911194	0.089885	0.0909135
674	chr19	11665751	11667065	chr11:110787714	0	+	chr11	110787714	110789011	1297	6815	1000	N/A	N/A	N/A	N/A	align_both/0003/both0016276	1316	4	21	1295	1207	88	61	27	0.932046	0.929176	0.0712317	0.0717648
674	chr19	11665758	11667068	chr6:32325180	0	-	chr6	32325180	32326487	1307	21904	1000	N/A	N/A	N/A	N/A	align_both/0013/both0066134	1311	5	5	1306	1241	65	44	21	0.95023	0.946606	0.0514986	0.0517472
674	chr19	11665802	11667055	chr1:115856631	0	+	chr1	115856631	115857844	1213	21315	1000	N/A	N/A	N/A	N/A	align_both/0013/both0066098	1264	7	62	1202	1129	73	49	24	0.939268	0.93383	0.0633324	0.0637011
674	chr19	11665802	11667091	chr12:92883712	0	-	chr12	92883712	92884969	1257	8175	1000	N/A	N/A	N/A	N/A	align_both/0004/both0021932	1290	4	34	1256	1200	56	41	15	0.955414	0.952381	0.0459662	0.0462311
674	chr19	11665808	11667089	chr2:33636442	0	-	chr2	33636442	33637723	1281	21635	1000	N/A	N/A	N/A	N/A	align_both/0013/both0066104	1288	8	14	1274	1177	97	68	29	0.923862	0.918097	0.0802861	0.0810001
674	chr19	11665808	11667089	chrX:100855027	0	+	chrX	100855027	100856439	1412	22206	1000	N/A	N/A	N/A	N/A	align_both/0013/both0066153	1438	5	183	1255	1189	66	43	23	0.94741	0.943651	0.0545244	0.0547645
674	chr19	11665810	11667023	chr1:80450818	0	+	chr1	80450818	80451999	1181	21316	1000	N/A	N/A	N/A	N/A	align_both/0013/both0066096	1220	6	46	1174	1081	93	57	36	0.920784	0.916102	0.0837199	0.0841726
674	chr19	11665812	11667029	chr5:136428892	0	-	chr5	136428892	136430117	1225	21875	1000	N/A	N/A	N/A	N/A	align_both/0013/both0066129	1228	6	14	1214	1114	100	67	33	0.917628	0.913115	0.0872569	0.0879707
674	chr19	11665817	11666976	chr6:27523446	0	-	chr6	27523446	27524596	1150	21905	1000	N/A	N/A	N/A	N/A	align_both/0013/both0066133	1166	6	23	1143	1051	92	63	29	0.91951	0.914708	0.0851453	0.0858836
674	chr19	11665817	11667025	chr6:166334566	0	-	chr6	166334566	166336014	1448	21906	1000	N/A	N/A	N/A	N/A	align_both/0013/both0066136	1466	16	276	1190	1080	110	82	28	0.907563	0.895522	0.0986494	0.100028
674	chr19	11665817	11667056	chr4:72807240	0	-	chr4	72807240	72808446	1206	21826	1000	N/A	N/A	N/A	N/A	align_both/0013/both0066123	1246	10	47	1199	1103	96	65	31	0.919933	0.912324	0.0846713	0.0853697
674	chr19	11665821	11667073	chr11:5570999	0	+	chr11	5570999	5572235	1236	6804	1000	N/A	N/A	N/A	N/A	align_both/0002/both0011020	1257	6	26	1231	1170	61	42	19	0.950447	0.945837	0.0512661	0.0515293
674	chr19	11665822	11667089	chr3:148166084	0	+	chr3	148166084	148167355	1271	21781	1000	N/A	N/A	N/A	N/A	align_both/0013/both0066119	1275	6	12	1263	1179	84	62	22	0.933492	0.929078	0.069644	0.0702864
679	chr19	12385985	12404553	chr19:12425555	0	+	chr19	12425555	12444343	18788	21376	1000	N/A	N/A	N/A	N/A	align_both/0013/both0066176	19005	79	654	18351	17695	656	415	241	0.964253	0.960119	0.0366274	0.0367213
679	chr19	12425555	12444343	chr19:12385985	0	+	chr19	12385985	12404553	18568	21376	1000	N/A	N/A	N/A	N/A	align_both/0013/both0066176	19005	79	654	18351	17695	656	415	241	0.964253	0.960119	0.0366274	0.0367213
685	chr19	13139375	13141128	chr9:33288235	0	+	chr9	33288235	33289993	1758	22016	1000	N/A	N/A	N/A	N/A	align_both/0013/both0066331	1777	14	43	1734	1666	68	45	23	0.960784	0.953089	0.0402781	0.0404154
693	chr19	14185549	14242420	chr17:30672848	0	-	chr17	30672848	30730961	58113	19818	1000	N/A	N/A	N/A	N/A	align_both/0011/both0058569	60055	164	5126	54929	53166	1763	1228	535	0.967904	0.965023	0.032803	0.0329134
693	chr19	14245705	14255878	chr17:32078117	0	-	chr17	32078117	32087324	9207	19820	1000	N/A	N/A	N/A	N/A	align_both/0011/both0058752	10265	38	1150	9115	8850	265	177	88	0.970927	0.966896	0.0296514	0.0297277
693	chr19	14245705	14255986	chr17:30661965	0	-	chr17	30661965	30671223	9258	19817	1000	N/A	N/A	N/A	N/A	align_both/0011/both0058568	10380	42	1221	9159	8881	278	187	91	0.969647	0.965221	0.0309839	0.0310697
86	chr19	14280079	14300340	chr17:30639833	0	-	chr17	30639833	30659947	20114	19816	1000	N/A	N/A	N/A	N/A	align_both/0011/both0058567	20429	74	483	19946	19260	686	487	199	0.965607	0.962038	0.0352064	0.0353434
86	chr19	14280079	14300340	chr17:32055858	0	-	chr17	32055858	32075971	20113	19819	1000	N/A	N/A	N/A	N/A	align_both/0011/both0058751	20455	78	536	19919	19233	686	483	203	0.96556	0.961794	0.0352553	0.0353884
694	chr19	14347837	14349282	chr19:14785821	0	-	chr19	14785821	14787286	1465	21380	1000	N/A	N/A	N/A	N/A	align_both/0013/both0066357	1489	11	68	1421	1287	134	82	52	0.9057	0.898743	0.100777	0.101442
694	chr19	14377800	14381973	chr19:14776294	0	-	chr19	14776294	14781284	4990	21383	1000	N/A	N/A	N/A	N/A	align_both/0013/both0066360	5338	23	1513	3825	3530	295	192	103	0.922876	0.91736	0.0813843	0.0819335
695	chr19	14514774	14518435	chr2:191879995	0	+	chr2	191879995	191882291	2296	21636	1000	N/A	N/A	N/A	N/A	align_both/0013/both0066380	2593	9	323	2270	2129	141	89	52	0.937885	0.934182	0.0648381	0.0651394
696	chr19	14583558	14587815	chr19:14587815	0	+	chr19	14587815	14592482	4667	21384	1000	N/A	N/A	N/A	N/A	align_both/0013/both0066370	4669	9	414	4255	4134	121	86	35	0.971563	0.969512	0.0289903	0.0290829
696	chr19	14587815	14592482	chr19:14583558	0	+	chr19	14583558	14587815	4257	21384	1000	N/A	N/A	N/A	N/A	align_both/0013/both0066370	4669	9	414	4255	4134	121	86	35	0.971563	0.969512	0.0289903	0.0290829
697	chr19	14776294	14781284	chr19:14377800	0	-	chr19	14377800	14381973	4173	21383	1000	N/A	N/A	N/A	N/A	align_both/0013/both0066360	5338	23	1513	3825	3530	295	192	103	0.922876	0.91736	0.0813843	0.0819335
697	chr19	14781506	14784476	chr19:14371924	0	-	chr19	14371924	14374897	2973	21382	1000	N/A	N/A	N/A	N/A	align_both/0013/both0066359	3016	18	89	2927	2722	205	140	65	0.929962	0.924278	0.0735268	0.0740645
697	chr19	14784711	14786005	chr19:14355377	0	-	chr19	14355377	14356663	1286	21381	1000	N/A	N/A	N/A	N/A	align_both/0013/both0066358	1295	3	10	1285	1175	110	72	38	0.914397	0.912267	0.0908951	0.0916038
697	chr19	14785821	14787286	chr19:14347837	0	-	chr19	14347837	14349282	1445	21380	1000	N/A	N/A	N/A	N/A	align_both/0013/both0066357	1489	11	68	1421	1287	134	82	52	0.9057	0.898743	0.100777	0.101442
702	chr19	15422095	15427503	chr11:23404314	0	-	chr11	23404314	23407050	2736	6808	1000	N/A	N/A	N/A	N/A	align_both/0002/both0012073	4200	16	1473	2727	2528	199	138	61	0.927026	0.921619	0.0767726	0.0773967
703	chr19	15513802	15515355	chr20:49113666	0	+	chr20	49113666	49114893	1227	21674	1000	N/A	N/A	N/A	N/A	align_both/0013/both0066408	1575	8	370	1205	1130	75	53	22	0.937759	0.931575	0.0649757	0.0654496
705	chr19	15793911	15794958	chr19:15727906	0	+	chr19	15727906	15728953	1047	21385	1000	N/A	N/A	N/A	N/A	align_both/0013/both0066411	1047	0	0	1047	971	76	52	24	0.927412	0.927412	0.0763455	0.0769314
706	chr19	15907771	15911197	chr10:58193565	0	+	chr10	58193565	58196699	3134	5204	1000	N/A	N/A	N/A	N/A	align_both/0001/both0006369	3457	20	354	3103	2938	165	109	56	0.946826	0.940762	0.0551535	0.0554134
706	chr19	15907771	15911985	chr13:22834192	0	+	chr13	22834192	22838400	4208	9610	1000	N/A	N/A	N/A	N/A	align_both/0004/both0024580	4559	30	696	3863	3588	275	174	101	0.928812	0.921654	0.074797	0.0752067
714	chr19	16973345	16976153	chr7:9727960	0	-	chr7	9727960	9730039	2079	21961	1000	N/A	N/A	N/A	N/A	align_both/0013/both0066508	2823	3	759	2064	2009	55	38	17	0.973353	0.97194	0.0271322	0.0272049
726	chr19	18586148	18587294	chr6:85972622	0	-	chr6	85972622	85973803	1181	21909	1000	N/A	N/A	N/A	N/A	align_both/0013/both0066621	1192	8	57	1135	1045	90	67	23	0.920705	0.914261	0.083808	0.0847823
735	chr19	19699202	19701236	chr19:19825210	0	-	chr19	19825210	19827205	1995	21387	1000	N/A	N/A	N/A	N/A	align_both/0013/both0066630	2052	8	75	1977	1852	125	82	43	0.936773	0.932997	0.0660522	0.0664192
735	chr19	19775645	19781478	chr19:20047595	0	-	chr19	20047595	20053191	5596	21388	1000	N/A	N/A	N/A	N/A	align_both/0013/both0066665	6254	35	1079	5175	4671	504	312	192	0.902609	0.896545	0.104322	0.105073
735	chr19	19787685	19789135	chr19:20605487	0	+	chr19	20605487	20606674	1187	21389	1000	N/A	N/A	N/A	N/A	align_both/0013/both0066817	1517	16	397	1120	1025	95	59	36	0.915179	0.902289	0.0900133	0.0905713
736	chr19	19793692	19795663	chr3:101357470	0	-	chr3	101357470	101359274	1804	21785	1000	N/A	N/A	N/A	N/A	align_both/0013/both0067023	1987	11	199	1788	1617	171	100	71	0.904362	0.898833	0.102309	0.102869
736	chr19	19808861	19813377	chr19:20674496	0	-	chr19	20674496	20676240	1744	21390	1000	N/A	N/A	N/A	N/A	align_both/0013/both0066832	1748	9	621	1127	1022	105	65	40	0.906832	0.899648	0.0994834	0.100163
736	chr19	19825210	19827205	chr19:19699202	0	-	chr19	19699202	19701236	2034	21387	1000	N/A	N/A	N/A	N/A	align_both/0013/both0066630	2052	8	75	1977	1852	125	82	43	0.936773	0.932997	0.0660522	0.0664192
736	chr19	19827007	19828977	chr19:21379721	0	-	chr19	21379721	21382002	2281	21391	1000	N/A	N/A	N/A	N/A	align_both/0013/both0066949	2293	8	335	1958	1823	135	89	46	0.931052	0.927263	0.0723258	0.0727779
736	chr19	19827016	19828978	chr2:128517307	0	-	chr2	128517307	128519249	1942	21637	1000	N/A	N/A	N/A	N/A	align_both/0013/both0067014	1973	8	42	1931	1791	140	95	45	0.927499	0.923672	0.0762492	0.076815
736	chr19	19827016	19828978	chr5:62775392	0	-	chr5	62775392	62777335	1943	21878	1000	N/A	N/A	N/A	N/A	align_both/0013/both0067030	1974	9	43	1931	1797	134	86	48	0.930606	0.926289	0.0728173	0.0732284
736	chr19	19827326	19828978	chr9:86264569	0	-	chr9	86264569	86266192	1623	22020	1000	N/A	N/A	N/A	N/A	align_both/0013/both0067066	1660	9	45	1615	1511	104	66	38	0.935604	0.930419	0.0673301	0.0676633
737	chr19	20047595	20053191	chr19:19775645	0	-	chr19	19775645	19781478	5833	21388	1000	N/A	N/A	N/A	N/A	align_both/0013/both0066665	6254	35	1079	5175	4671	504	312	192	0.902609	0.896545	0.104322	0.105073
739	chr19	20257646	20262882	chr22:24686848	0	+	chr22	24686848	24690592	3744	21751	1000	N/A	N/A	N/A	N/A	align_both/0013/both0067362	5280	26	1580	3700	3423	277	182	95	0.925135	0.91868	0.0788703	0.0794046
739	chr19	20259247	20262881	chr2:65268563	0	+	chr2	65268563	65271253	2690	21638	1000	N/A	N/A	N/A	N/A	align_both/0013/both0067363	3682	19	1040	2642	2528	114	78	36	0.956851	0.950019	0.0444401	0.0446317
739	chr19	20266503	20267913	chr19:19942369	0	+	chr19	19942369	19943785	1416	21392	1000	N/A	N/A	N/A	N/A	align_both/0013/both0066805	1447	14	68	1379	1248	131	77	54	0.905004	0.895908	0.101574	0.102139
739	chr19	20291096	20299449	chr19:20788601	0	+	chr19	20788601	20795197	6596	21393	1000	N/A	N/A	N/A	N/A	align_both/0013/both0067192	8453	41	1957	6496	5908	588	354	234	0.909483	0.903778	0.096463	0.0970269
92	chr19	20310654	20316426	chr19:20531557	0	-	chr19	20531557	20535723	4166	21394	1000	N/A	N/A	N/A	N/A	align_both/0013/both0067204	4620	42	496	4124	3720	404	245	159	0.902037	0.892943	0.104979	0.105676
739	chr19	20312755	20313921	chr4:1811478	0	+	chr4	1811478	1812680	1202	21828	1000	N/A	N/A	N/A	N/A	align_both/0013/both0067384	1236	6	104	1132	1061	71	53	18	0.937279	0.932337	0.0654995	0.0660886
741	chr19	20531557	20535723	chr19:20310654	0	-	chr19	20310654	20316426	5772	21394	1000	N/A	N/A	N/A	N/A	align_both/0013/both0067204	4620	42	496	4124	3720	404	245	159	0.902037	0.892943	0.104979	0.105676
92	chr19	20558843	20604642	chr19:20723755	0	-	chr19	20723755	20783204	59449	21395	1000	N/A	N/A	N/A	N/A	align_both/0013/both0067438	61201	278	17154	44047	40286	3761	2191	1570	0.914614	0.908878	0.0906502	0.0910761
742	chr19	20605487	20606674	chr19:19787685	0	+	chr19	19787685	19789135	1450	21389	1000	N/A	N/A	N/A	N/A	align_both/0013/both0066817	1517	16	397	1120	1025	95	59	36	0.915179	0.902289	0.0900133	0.0905713
742	chr19	20674496	20676240	chr19:19808861	0	-	chr19	19808861	19813377	4516	21390	1000	N/A	N/A	N/A	N/A	align_both/0013/both0066832	1748	9	621	1127	1022	105	65	40	0.906832	0.899648	0.0994834	0.100163
743	chr19	20714335	20718620	chr8:24746948	0	+	chr8	24746948	24751412	4464	21992	1000	N/A	N/A	N/A	N/A	align_both/0013/both0067592	4502	29	255	4247	3858	389	242	147	0.908406	0.902245	0.0976887	0.0983567
743	chr19	20723755	20783204	chr19:20558843	0	-	chr19	20558843	20604642	45799	21395	1000	N/A	N/A	N/A	N/A	align_both/0013/both0067438	61201	278	17154	44047	40286	3761	2191	1570	0.914614	0.908878	0.0906502	0.0910761
743	chr19	20783684	20785084	chr19:20850765	0	-	chr19	20850765	20852157	1392	21396	1000	N/A	N/A	N/A	N/A	align_both/0013/both0067485	1418	15	44	1374	1238	136	77	59	0.901019	0.891289	0.106151	0.106671
743	chr19	20788601	20795197	chr19:20291096	0	+	chr19	20291096	20299449	8353	21393	1000	N/A	N/A	N/A	N/A	align_both/0013/both0067192	8453	41	1957	6496	5908	588	354	234	0.909483	0.903778	0.096463	0.0970269
744	chr19	20850765	20852157	chr19:20783684	0	-	chr19	20783684	20785084	1400	21396	1000	N/A	N/A	N/A	N/A	align_both/0013/both0067485	1418	15	44	1374	1238	136	77	59	0.901019	0.891289	0.106151	0.106671
746	chr19	21129484	21130561	chr3:63583194	0	+	chr3	63583194	63584275	1081	21786	1000	N/A	N/A	N/A	N/A	align_both/0013/both0067722	1082	5	6	1076	980	96	69	27	0.910781	0.906568	0.0949884	0.0961037
746	chr19	21219851	21222610	chr19:21385690	0	-	chr19	21385690	21388905	3215	21397	1000	N/A	N/A	N/A	N/A	align_both/0013/both0067791	3411	31	848	2563	2310	253	136	117	0.901288	0.890517	0.105841	0.10624
747	chr19	21243949	21268486	chr19:21366566	0	-	chr19	21366566	21376543	9977	21398	1000	N/A	N/A	N/A	N/A	align_both/0013/both0067793	25241	65	15968	9273	8405	868	543	325	0.906395	0.900086	0.099983	0.100701
748	chr19	21366566	21376543	chr19:21243949	0	-	chr19	21243949	21268486	24537	21398	1000	N/A	N/A	N/A	N/A	align_both/0013/both0067793	25241	65	15968	9273	8405	868	543	325	0.906395	0.900086	0.099983	0.100701
748	chr19	21373228	21376546	chr19:21403115	0	+	chr19	21403115	21406787	3672	21399	1000	N/A	N/A	N/A	N/A	align_both/0013/both0067806	3710	24	430	3280	2990	290	180	110	0.911585	0.904964	0.0940756	0.0946866
748	chr19	21379721	21381369	chr9:86264570	0	+	chr9	86264570	86266192	1622	22021	1000	N/A	N/A	N/A	N/A	align_both/0013/both0067923	1659	10	48	1611	1509	102	61	41	0.936685	0.930907	0.0661478	0.0663962
748	chr19	21379721	21382001	chr2:128517308	0	+	chr2	128517308	128519257	1949	21639	1000	N/A	N/A	N/A	N/A	align_both/0013/both0067886	2290	6	351	1939	1795	144	93	51	0.925735	0.922879	0.0782043	0.0786938
748	chr19	21379721	21382002	chr19:19827007	0	-	chr19	19827007	19828977	1970	21391	1000	N/A	N/A	N/A	N/A	align_both/0013/both0066949	2293	8	335	1958	1823	135	89	46	0.931052	0.927263	0.0723258	0.0727779
748	chr19	21379728	21382001	chr5:62775400	0	+	chr5	62775400	62777343	1943	21879	1000	N/A	N/A	N/A	N/A	align_both/0013/both0067895	2284	8	352	1932	1789	143	94	49	0.925983	0.922165	0.0779285	0.0784506
748	chr19	21385690	21388905	chr19:21219851	0	-	chr19	21219851	21222610	2759	21397	1000	N/A	N/A	N/A	N/A	align_both/0013/both0067791	3411	31	848	2563	2310	253	136	117	0.901288	0.890517	0.105841	0.10624
748	chr19	21403115	21406787	chr19:21373228	0	+	chr19	21373228	21376546	3318	21399	1000	N/A	N/A	N/A	N/A	align_both/0013/both0067806	3710	24	430	3280	2990	290	180	110	0.911585	0.904964	0.0940756	0.0946866
750	chr19	21635212	21637706	chr19:21768396	0	-	chr19	21768396	21770827	2431	21400	1000	N/A	N/A	N/A	N/A	align_both/0013/both0067926	2528	13	131	2397	2223	174	105	69	0.927409	0.922407	0.0763482	0.0766968
750	chr19	21637708	21660461	chr19:21722929	0	-	chr19	21722929	21745324	22395	21401	1000	N/A	N/A	N/A	N/A	align_both/0013/both0067927	24581	180	4014	20567	19020	1547	927	620	0.924782	0.916759	0.0792622	0.0796276
750	chr19	21665924	21680631	chr19:21705165	0	-	chr19	21705165	21714937	9772	21402	1000	N/A	N/A	N/A	N/A	align_both/0013/both0067931	16759	48	9039	7720	7149	571	356	215	0.926036	0.920314	0.0778699	0.0782885
750	chr19	21705165	21714937	chr19:21665924	0	-	chr19	21665924	21680631	14707	21402	1000	N/A	N/A	N/A	N/A	align_both/0013/both0067931	16759	48	9039	7720	7149	571	356	215	0.926036	0.920314	0.0778699	0.0782885
750	chr19	21722929	21745324	chr19:21637708	0	-	chr19	21637708	21660461	22753	21401	1000	N/A	N/A	N/A	N/A	align_both/0013/both0067927	24581	180	4014	20567	19020	1547	927	620	0.924782	0.916759	0.0792622	0.0796276
750	chr19	21750932	21754056	chrX:65818250	0	-	chrX	65818250	65822174	3924	22210	1000	N/A	N/A	N/A	N/A	align_both/0013/both0068023	3959	25	870	3089	2784	305	189	116	0.901263	0.894027	0.10587	0.106649
750	chr19	21751805	21754375	chr2:207753585	0	+	chr2	207753585	207756161	2576	21640	1000	N/A	N/A	N/A	N/A	align_both/0013/both0067991	2606	18	66	2540	2334	206	145	61	0.918898	0.912432	0.0858316	0.0866655
750	chr19	21752941	21754375	chr6:15846029	0	-	chr6	15846029	15847485	1456	21910	1000	N/A	N/A	N/A	N/A	align_both/0013/both0067997	1471	8	52	1419	1292	127	86	41	0.9105	0.905396	0.0953067	0.0962027
751	chr19	21768396	21770827	chr19:21635212	0	-	chr19	21635212	21637706	2494	21400	1000	N/A	N/A	N/A	N/A	align_both/0013/both0067926	2528	13	131	2397	2223	174	105	69	0.927409	0.922407	0.0763482	0.0766968
751	chr19	21857089	21878043	chr19:22901904	0	+	chr19	22901904	22918168	16264	21403	1000	N/A	N/A	N/A	N/A	align_both/0013/both0067961	21489	79	10301	11188	10383	805	545	260	0.928048	0.921541	0.0756414	0.076193
93	chr19	21880251	21890542	chr16:2660261	0	+	chr16	2660261	2670537	10276	15994	1000	N/A	N/A	N/A	N/A	align_both/0009/both0046462	10330	25	93	10237	9798	439	314	125	0.957116	0.954785	0.0441585	0.0443823
93	chr19	21886755	21890535	chr1:237915281	0	-	chr1	237915281	237918989	3708	21320	1000	N/A	N/A	N/A	N/A	align_both/0013/both0067988	3785	5	82	3703	3461	242	179	63	0.934648	0.933387	0.0683767	0.0689999
752	chr19	21929572	21940120	chr19:22928618	0	+	chr19	22928618	22940031	11413	21404	1000	N/A	N/A	N/A	N/A	align_both/0013/both0067964	11509	51	1057	10452	9826	626	407	219	0.940107	0.935542	0.0624197	0.0627345
752	chr19	21940517	21943709	chr19:22140099	0	+	chr19	22140099	22143310	3211	21405	1000	N/A	N/A	N/A	N/A	align_both/0013/both0067947	3229	19	55	3174	2956	218	142	76	0.931317	0.925775	0.0720342	0.0724613
752	chr19	21943149	21953759	chr19:22940981	0	+	chr19	22940981	22951620	10639	21406	1000	N/A	N/A	N/A	N/A	align_both/0013/both0067965	10722	72	195	10527	9713	814	500	314	0.922675	0.916407	0.0816082	0.0820413
752	chr19	21953756	21969107	chr19:22158445	0	+	chr19	22158445	22172240	13795	21407	1000	N/A	N/A	N/A	N/A	align_both/0013/both0067948	15448	86	1750	13698	12575	1123	660	463	0.918017	0.91229	0.0868194	0.0872245
11	chr19	21972648	22032687	chr19:22179476	0	+	chr19	22179476	22243582	64106	21408	1000	N/A	N/A	N/A	N/A	align_both/0013/both0067952	63786	333	11488	52298	48217	4081	2362	1719	0.921966	0.916133	0.0823986	0.0827367
752	chr19	21972931	22016324	chr19:22975284	0	+	chr19	22975284	23008448	33164	21409	1000	N/A	N/A	N/A	N/A	align_both/0013/both0067968	44486	238	12415	32071	29630	2441	1483	958	0.923888	0.917082	0.0802574	0.0806561
753	chr19	22140099	22143310	chr19:21940517	0	+	chr19	21940517	21943709	3192	21405	1000	N/A	N/A	N/A	N/A	align_both/0013/both0067947	3229	19	55	3174	2956	218	142	76	0.931317	0.925775	0.0720342	0.0724613
754	chr19	22158445	22172240	chr19:21953756	0	+	chr19	21953756	21969107	15351	21407	1000	N/A	N/A	N/A	N/A	align_both/0013/both0067948	15448	86	1750	13698	12575	1123	660	463	0.918017	0.91229	0.0868194	0.0872245
754	chr19	22161660	22206017	chr19:22956957	0	+	chr19	22956957	22997871	40914	21410	1000	N/A	N/A	N/A	N/A	align_both/0013/both0068059	47288	350	9305	37983	34952	3031	1736	1295	0.920201	0.911799	0.0843715	0.0847097
754	chr19	22179476	22243582	chr19:21972648	0	+	chr19	21972648	22032687	60039	21408	1000	N/A	N/A	N/A	N/A	align_both/0013/both0067952	63786	333	11488	52298	48217	4081	2362	1719	0.921966	0.916133	0.0823986	0.0827367
754	chr19	22210283	22223300	chr19:22998465	0	+	chr19	22998465	23010768	12303	21411	1000	N/A	N/A	N/A	N/A	align_both/0013/both0068060	13783	81	2246	11537	10582	955	563	392	0.917223	0.910828	0.0877118	0.0881316
754	chr19	22259078	22268380	chr19:22800138	0	-	chr19	22800138	22810569	10431	21412	1000	N/A	N/A	N/A	N/A	align_both/0013/both0068061	11154	55	3359	7795	7121	674	431	243	0.913534	0.907134	0.0918695	0.0925283
94	chr19	22277838	22294956	chr19:22774587	0	-	chr19	22774587	22792639	18052	21413	1000	N/A	N/A	N/A	N/A	align_both/0013/both0068047	20388	128	5606	14782	13514	1268	763	505	0.91422	0.906372	0.0910948	0.0915934
755	chr19	22298557	22301380	chr19:22772050	0	-	chr19	22772050	22774843	2793	21414	1000	N/A	N/A	N/A	N/A	align_both/0013/both0068048	3131	17	646	2485	2292	193	124	69	0.922334	0.916067	0.0819885	0.0825175
755	chr19	22303076	22317006	chr19:22755507	0	-	chr19	22755507	22770310	14803	21415	1000	N/A	N/A	N/A	N/A	align_both/0013/both0068049	15606	86	2479	13127	12026	1101	715	386	0.916127	0.910164	0.0889446	0.0896003
755	chr19	22314268	22315549	chr19:22315780	0	+	chr19	22315780	22317061	1281	21416	1000	N/A	N/A	N/A	N/A	align_both/0013/both0068038	1281	0	0	1281	1159	122	70	52	0.904762	0.904762	0.101851	0.102359
755	chr19	22315780	22317061	chr19:22314268	0	+	chr19	22314268	22315549	1281	21416	1000	N/A	N/A	N/A	N/A	align_both/0013/both0068038	1281	0	0	1281	1159	122	70	52	0.904762	0.904762	0.101851	0.102359
755	chr19	22318835	22371019	chr19:22697310	0	-	chr19	22697310	22743452	46142	21417	1000	N/A	N/A	N/A	N/A	align_both/0013/both0068051	58600	247	22081	36519	33916	2603	1697	906	0.928722	0.922483	0.0748961	0.075361
94	chr19	22377175	22417482	chr19:22635867	0	-	chr19	22635867	22679600	43733	21418	1000	N/A	N/A	N/A	N/A	align_both/0013/both0068055	44985	195	5930	39055	37405	1650	1038	612	0.957752	0.952994	0.0434847	0.0436151
755	chr19	22387051	22399611	chr19:22679598	0	-	chr19	22679598	22690837	11239	21419	1000	N/A	N/A	N/A	N/A	align_both/0013/both0068056	13216	123	2633	10583	9748	835	493	342	0.9211	0.910517	0.0833664	0.0837463
755	chr19	22389123	22392984	chr9:35145410	0	+	chr9	35145410	35148961	3551	22022	1000	N/A	N/A	N/A	N/A	align_both/0013/both0068117	3940	31	468	3472	3227	245	142	103	0.929435	0.92121	0.0741082	0.0743808
756	chr19	22425262	22429152	chr19:22622236	0	-	chr19	22622236	22626414	4178	21420	1000	N/A	N/A	N/A	N/A	align_both/0013/both0068123	4270	24	472	3798	3473	325	181	144	0.914429	0.908687	0.0908593	0.0912043
756	chr19	22448088	22453889	chr19:22840208	0	+	chr19	22840208	22846076	5868	21421	1000	N/A	N/A	N/A	N/A	align_both/0013/both0068145	6225	37	781	5444	5038	406	237	169	0.925422	0.919175	0.0785511	0.0788694
756	chr19	22513363	22523193	chr19:22613310	0	-	chr19	22613310	22621714	8404	21422	1000	N/A	N/A	N/A	N/A	align_both/0013/both0068131	10100	28	1966	8134	7606	528	346	182	0.935087	0.931879	0.0678952	0.0682821
757	chr19	22613310	22621714	chr19:22513363	0	-	chr19	22513363	22523193	9830	21422	1000	N/A	N/A	N/A	N/A	align_both/0013/both0068131	10100	28	1966	8134	7606	528	346	182	0.935087	0.931879	0.0678952	0.0682821
757	chr19	22622236	22626414	chr19:22425262	0	-	chr19	22425262	22429152	3890	21420	1000	N/A	N/A	N/A	N/A	align_both/0013/both0068123	4270	24	472	3798	3473	325	181	144	0.914429	0.908687	0.0908593	0.0912043
94	chr19	22635867	22679600	chr19:22377175	0	-	chr19	22377175	22417482	40307	21418	1000	N/A	N/A	N/A	N/A	align_both/0013/both0068055	44985	195	5930	39055	37405	1650	1038	612	0.957752	0.952994	0.0434847	0.0436151
757	chr19	22657183	22669720	chr19:22679598	0	+	chr19	22679598	22690837	11239	21423	1000	N/A	N/A	N/A	N/A	align_both/0013/both0068134	13219	121	2662	10557	9691	866	521	345	0.917969	0.907567	0.0868734	0.0873243
758	chr19	22697310	22743452	chr19:22318835	0	-	chr19	22318835	22371019	52184	21417	1000	N/A	N/A	N/A	N/A	align_both/0013/both0068051	58600	247	22081	36519	33916	2603	1697	906	0.928722	0.922483	0.0748961	0.075361
758	chr19	22755507	22770310	chr19:22303076	0	-	chr19	22303076	22317006	13930	21415	1000	N/A	N/A	N/A	N/A	align_both/0013/both0068049	15606	86	2479	13127	12026	1101	715	386	0.916127	0.910164	0.0889446	0.0896003
759	chr19	22840208	22846076	chr19:22448088	0	+	chr19	22448088	22453889	5801	21421	1000	N/A	N/A	N/A	N/A	align_both/0013/both0068145	6225	37	781	5444	5038	406	237	169	0.925422	0.919175	0.0785511	0.0788694
759	chr19	22901904	22918168	chr19:21857089	0	+	chr19	21857089	21878043	20954	21403	1000	N/A	N/A	N/A	N/A	align_both/0013/both0067961	21489	79	10301	11188	10383	805	545	260	0.928048	0.921541	0.0756414	0.076193
94	chr19	22928618	22940031	chr19:21929572	0	+	chr19	21929572	21940120	10548	21404	1000	N/A	N/A	N/A	N/A	align_both/0013/both0067964	11509	51	1057	10452	9826	626	407	219	0.940107	0.935542	0.0624197	0.0627345
760	chr19	22940981	22951620	chr19:21943149	0	+	chr19	21943149	21953759	10610	21406	1000	N/A	N/A	N/A	N/A	align_both/0013/both0067965	10722	72	195	10527	9713	814	500	314	0.922675	0.916407	0.0816082	0.0820413
760	chr19	22956957	22997871	chr19:22161660	0	+	chr19	22161660	22206017	44357	21410	1000	N/A	N/A	N/A	N/A	align_both/0013/both0068059	47288	350	9305	37983	34952	3031	1736	1295	0.920201	0.911799	0.0843715	0.0847097
760	chr19	22975284	23008448	chr19:21972931	0	+	chr19	21972931	22016324	43393	21409	1000	N/A	N/A	N/A	N/A	align_both/0013/both0067968	44486	238	12415	32071	29630	2441	1483	958	0.923888	0.917082	0.0802574	0.0806561
760	chr19	22998465	23010768	chr19:22210283	0	+	chr19	22210283	22223300	13017	21411	1000	N/A	N/A	N/A	N/A	align_both/0013/both0068060	13783	81	2246	11537	10582	955	563	392	0.917223	0.910828	0.0877118	0.0881316
762	chr19	23214100	23219956	chr16:31649364	0	-	chr16	31649364	31654944	5580	15996	1000	N/A	N/A	N/A	N/A	align_both/0009/both0048173	6024	53	612	5412	5018	394	270	124	0.927199	0.918207	0.0765812	0.0771744
762	chr19	23288157	23297215	chr19:23443828	0	+	chr19	23443828	23451755	7927	21426	1000	N/A	N/A	N/A	N/A	align_both/0013/both0068296	9829	57	2673	7156	6564	592	367	225	0.917272	0.910024	0.0876563	0.0881801
762	chr19	23304832	23322662	chr19:23973891	0	-	chr19	23973891	23990516	16625	21427	1000	N/A	N/A	N/A	N/A	align_both/0013/both0068311	18173	97	1891	16282	14960	1322	827	495	0.918806	0.913365	0.0859343	0.0864565
762	chr19	23324813	23326542	chr19:23475355	0	+	chr19	23475355	23477075	1720	21428	1000	N/A	N/A	N/A	N/A	align_both/0013/both0068297	1734	5	19	1715	1615	100	58	42	0.941691	0.938953	0.0607005	0.060881
762	chr19	23324816	23326314	chr19:23871243	0	-	chr19	23871243	23873036	1793	21429	1000	N/A	N/A	N/A	N/A	align_both/0013/both0068313	1805	9	319	1486	1347	139	73	66	0.90646	0.901003	0.0999082	0.100219
763	chr19	23332150	23334435	chr19:24193404	0	-	chr19	24193404	24195690	2286	21430	1000	N/A	N/A	N/A	N/A	align_both/0013/both0068335	2295	9	19	2276	2075	201	117	84	0.911687	0.908096	0.0939602	0.094418
763	chr19	23379201	23382554	chr19:23797568	0	-	chr19	23797568	23800562	2994	21431	1000	N/A	N/A	N/A	N/A	align_both/0013/both0068319	3689	21	1031	2658	2394	264	144	120	0.900677	0.893617	0.106545	0.10698
763	chr19	23384454	23385959	chr2:37645160	0	-	chr2	37645160	37646662	1502	21641	1000	N/A	N/A	N/A	N/A	align_both/0013/both0068360	1518	8	29	1489	1373	116	78	38	0.922095	0.917168	0.0822547	0.0828944
763	chr19	23443828	23451755	chr19:23288157	0	+	chr19	23288157	23297215	9058	21426	1000	N/A	N/A	N/A	N/A	align_both/0013/both0068296	9829	57	2673	7156	6564	592	367	225	0.917272	0.910024	0.0876563	0.0881801
766	chr19	23797568	23800562	chr19:23379201	0	-	chr19	23379201	23382554	3353	21431	1000	N/A	N/A	N/A	N/A	align_both/0013/both0068319	3689	21	1031	2658	2394	264	144	120	0.900677	0.893617	0.106545	0.10698
766	chr19	23827080	23828134	chr4:80161047	0	+	chr4	80161047	80162096	1049	21830	1000	N/A	N/A	N/A	N/A	align_both/0013/both0068438	1054	2	5	1049	968	81	50	31	0.922784	0.921028	0.0814871	0.0819283
766	chr19	23827082	23828115	chr16:73940570	0	-	chr16	73940570	73941603	1033	16007	1000	N/A	N/A	N/A	N/A	align_both/0010/both0053184	1033	0	0	1033	980	53	33	20	0.948693	0.948693	0.0531462	0.0533346
766	chr19	23827082	23828128	chr1:101786256	0	-	chr1	101786256	101787299	1043	21323	1000	N/A	N/A	N/A	N/A	align_both/0013/both0068415	1046	1	3	1043	1027	16	8	8	0.98466	0.983716	0.0154994	0.0155045
766	chr19	23827082	23828128	chr6:28731937	0	+	chr6	28731937	28732983	1046	21913	1000	N/A	N/A	N/A	N/A	align_both/0013/both0068440	1046	0	0	1046	950	96	60	36	0.908222	0.908222	0.0978984	0.0985829
766	chr19	23827082	23828132	chr13:20961232	0	+	chr13	20961232	20962281	1049	9609	1000	N/A	N/A	N/A	N/A	align_both/0004/both0024377	1051	2	3	1048	1026	22	12	10	0.979008	0.977143	0.0212918	0.0213074
766	chr19	23827085	23828122	chrX:44741010	0	+	chrX	44741010	44742037	1027	22212	1000	N/A	N/A	N/A	N/A	align_both/0013/both0068471	1037	1	10	1027	1001	26	17	9	0.974684	0.973735	0.0257536	0.0258062
766	chr19	23827085	23828125	chrX:100155806	0	-	chrX	100155806	100156850	1044	22214	1000	N/A	N/A	N/A	N/A	align_both/0013/both0068477	1044	1	4	1040	997	43	30	13	0.958654	0.957733	0.0425295	0.0427182
766	chr19	23827085	23828127	chr6:112355743	0	-	chr6	112355743	112356793	1050	21914	1000	N/A	N/A	N/A	N/A	align_both/0013/both0068443	1063	5	34	1029	962	67	51	16	0.934888	0.930368	0.0681131	0.0687979
766	chr19	23827085	23828127	chr8:80558793	0	+	chr8	80558793	80559835	1042	21995	1000	N/A	N/A	N/A	N/A	align_both/0013/both0068464	1042	0	0	1042	1006	36	22	14	0.965451	0.965451	0.03537	0.0354454
766	chr19	23827085	23828128	chr14:103373953	0	-	chr14	103373953	103374992	1039	10679	1000	N/A	N/A	N/A	N/A	align_both/0006/both0032790	1043	1	4	1039	970	69	41	28	0.93359	0.932692	0.0695362	0.0698038
766	chr19	23827085	23828128	chr2:62146300	0	+	chr2	62146300	62147335	1035	21642	1000	N/A	N/A	N/A	N/A	align_both/0013/both0068424	1043	1	8	1035	1016	19	14	5	0.981642	0.980695	0.0185859	0.0186289
766	chr19	23827085	23828128	chr3:32190670	0	+	chr3	32190670	32191706	1036	21788	1000	N/A	N/A	N/A	N/A	align_both/0013/both0068431	1043	3	7	1036	980	56	37	19	0.945946	0.943215	0.0561009	0.0563704
766	chr19	23827085	23828128	chr12:68552915	0	-	chr12	68552915	68553958	1043	8174	1000	N/A	N/A	N/A	N/A	align_both/0004/both0021211	1043	0	0	1043	1022	21	13	8	0.979866	0.979866	0.0204094	0.0204355
766	chr19	23827085	23828129	chr9:76398622	0	+	chr9	76398622	76399666	1044	22028	1000	N/A	N/A	N/A	N/A	align_both/0013/both0068467	1044	0	0	1044	1016	28	16	12	0.97318	0.97318	0.0273112	0.027344
766	chr19	23827085	23828132	chr14:94726211	0	+	chr14	94726211	94727258	1047	10678	1000	N/A	N/A	N/A	N/A	align_both/0006/both0032395	1047	0	0	1047	1008	39	26	13	0.962751	0.962751	0.0382061	0.0383331
766	chr19	23827085	23828133	chr9:88324380	0	+	chr9	88324380	88325424	1044	22029	1000	N/A	N/A	N/A	N/A	align_both/0013/both0068468	1048	2	4	1044	977	67	47	20	0.935824	0.934034	0.0670894	0.067582
766	chr19	23827085	23828134	chrX:87703257	0	-	chrX	87703257	87704306	1049	22213	1000	N/A	N/A	N/A	N/A	align_both/0013/both0068476	1049	0	0	1049	1023	26	13	13	0.975214	0.975214	0.0252043	0.025218
766	chr19	23827085	23828135	chr14:76634688	0	-	chr14	76634688	76635737	1049	10677	1000	N/A	N/A	N/A	N/A	align_both/0006/both0031795	1050	1	1	1049	1014	35	24	11	0.966635	0.965714	0.03413	0.0342427
766	chr19	23827085	23828135	chr1:160266252	0	-	chr1	160266252	160267303	1051	21324	1000	N/A	N/A	N/A	N/A	align_both/0013/both0068417	1052	3	3	1049	1008	41	25	16	0.960915	0.958175	0.0401401	0.0402368
766	chr19	23827092	23828128	chr3:110682206	0	-	chr3	110682206	110683223	1017	21789	1000	N/A	N/A	N/A	N/A	align_both/0013/both0068435	1036	1	19	1017	979	38	25	13	0.962635	0.96169	0.0383277	0.0384488
766	chr19	23827092	23828133	chr3:196986594	0	-	chr3	196986594	196987627	1033	21790	1000	N/A	N/A	N/A	N/A	align_both/0013/both0068437	1044	5	14	1030	966	64	37	27	0.937864	0.933333	0.0648615	0.0650655
766	chr19	23827100	23828120	chr20:51130710	0	-	chr20	51130710	51131728	1018	21675	1000	N/A	N/A	N/A	N/A	align_both/0013/both0068423	1025	5	12	1013	914	99	63	36	0.90227	0.897839	0.10471	0.105562
766	chr19	23827100	23828124	chr15:52885533	0	+	chr15	52885533	52886548	1015	13091	1000	N/A	N/A	N/A	N/A	align_both/0008/both0041721	1024	1	9	1015	948	67	44	23	0.93399	0.933071	0.0690973	0.0695021
766	chr19	23827100	23828124	chrX:133762734	0	+	chrX	133762734	133763758	1024	22215	1000	N/A	N/A	N/A	N/A	align_both/0013/both0068478	1024	0	0	1024	934	90	66	24	0.912109	0.912109	0.0934818	0.0946423
766	chr19	23827100	23828133	chr1:236819575	0	+	chr1	236819575	236820604	1029	21326	1000	N/A	N/A	N/A	N/A	align_both/0013/both0068422	1034	4	6	1028	945	83	60	23	0.919261	0.915698	0.0854247	0.0863362
766	chr19	23827100	23828135	chr1:154378109	0	-	chr1	154378109	154379148	1039	21325	1000	N/A	N/A	N/A	N/A	align_both/0013/both0068416	1039	1	4	1035	998	37	28	9	0.964251	0.96332	0.0366289	0.0368164
767	chr19	23871227	23876567	chr19:23966281	0	+	chr19	23966281	23971964	5683	21432	1000	N/A	N/A	N/A	N/A	align_both/0013/both0068396	6004	29	985	5019	4578	441	261	180	0.912134	0.906894	0.0934541	0.0939425
767	chr19	23871243	23873036	chr19:23324816	0	-	chr19	23324816	23326314	1498	21429	1000	N/A	N/A	N/A	N/A	align_both/0013/both0068313	1805	9	319	1486	1347	139	73	66	0.90646	0.901003	0.0999082	0.100219
767	chr19	23966281	23971964	chr19:23871227	0	+	chr19	23871227	23876567	5340	21432	1000	N/A	N/A	N/A	N/A	align_both/0013/both0068396	6004	29	985	5019	4578	441	261	180	0.912134	0.906894	0.0934541	0.0939425
95	chr19	23973891	23990516	chr19:23304832	0	-	chr19	23304832	23322662	17830	21427	1000	N/A	N/A	N/A	N/A	align_both/0013/both0068311	18173	97	1891	16282	14960	1322	827	495	0.918806	0.913365	0.0859343	0.0864565
769	chr19	24158621	24162516	chr5:157025951	0	+	chr5	157025951	157029843	3892	21882	1000	N/A	N/A	N/A	N/A	align_both/0013/both0068482	3922	19	57	3865	3634	231	157	74	0.940233	0.935633	0.0622831	0.0626571
769	chr19	24193404	24195690	chr19:23332150	0	-	chr19	23332150	23334435	2285	21430	1000	N/A	N/A	N/A	N/A	align_both/0013/both0068335	2295	9	19	2276	2075	201	117	84	0.911687	0.908096	0.0939602	0.094418
796	chr19	27755215	27757586	chr11:57816295	0	+	chr11	57816295	57818445	2150	6810	1000	N/A	N/A	N/A	N/A	align_both/0002/both0013608	2377	9	233	2144	2066	78	51	27	0.963619	0.959591	0.0372926	0.0374043
825	chr19	31496162	31498796	chrX:148322875	0	-	chrX	148322875	148325500	2625	22217	1000	N/A	N/A	N/A	N/A	align_both/0013/both0068601	2645	8	31	2614	2474	140	91	49	0.946442	0.943555	0.0555663	0.0558135
836	chr19	32979161	33029925	chr15:20227786	0	+	chr15	20227786	20280209	52423	13082	1000	N/A	N/A	N/A	N/A	align_both/0007/both0035772	52930	207	2673	50257	47814	2443	1751	692	0.95139	0.947487	0.050257	0.0505511
836	chr19	32979161	33029925	chr16:33574210	0	-	chr16	33574210	33623377	49167	16000	1000	N/A	N/A	N/A	N/A	align_both/0009/both0049687	49682	202	2873	46809	44475	2334	1626	708	0.950138	0.946055	0.051597	0.051876
839	chr19	33360113	33361455	chr1:224574424	0	-	chr1	224574424	224575763	1339	21330	1000	N/A	N/A	N/A	N/A	align_both/0013/both0068623	1353	6	25	1328	1205	123	86	37	0.90738	0.903298	0.0988588	0.0999532
839	chr19	33360125	33361461	chr11:16483362	0	+	chr11	16483362	16484686	1324	6807	1000	N/A	N/A	N/A	N/A	align_both/0002/both0011707	1338	4	16	1322	1198	124	99	25	0.906203	0.903469	0.100203	0.102011
848	chr19	34512394	34514006	chr19:34577817	0	+	chr19	34577817	34579339	1522	21434	1000	N/A	N/A	N/A	N/A	align_both/0013/both0068733	1620	14	106	1514	1375	139	70	69	0.90819	0.899869	0.0979344	0.0981697
848	chr19	34512525	34514083	chr19:34664949	0	-	chr19	34664949	34666442	1493	21435	1000	N/A	N/A	N/A	N/A	align_both/0013/both0068734	1561	10	71	1490	1387	103	62	41	0.930872	0.924667	0.0725236	0.0728333
848	chr19	34512752	34514077	chr19:34732012	0	-	chr19	34732012	34733295	1283	21436	1000	N/A	N/A	N/A	N/A	align_both/0013/both0068736	1331	7	54	1277	1158	119	69	50	0.906813	0.901869	0.0995056	0.100013
848	chr19	34534816	34548863	chr19:34735861	0	-	chr19	34735861	34746172	10311	21437	1000	N/A	N/A	N/A	N/A	align_both/0013/both0068737	14354	76	4350	10004	9170	834	504	330	0.916633	0.909722	0.0883748	0.0888515
848	chr19	34537758	34548863	chr19:34679619	0	-	chr19	34679619	34687856	8237	21438	1000	N/A	N/A	N/A	N/A	align_both/0013/both0068738	8759	69	670	8089	7403	686	420	266	0.915193	0.907453	0.0899965	0.090521
848	chr19	34568741	34574245	chr19:34667660	0	-	chr19	34667660	34672573	4913	21439	1000	N/A	N/A	N/A	N/A	align_both/0013/both0068740	7046	35	3675	3371	3038	333	191	142	0.901216	0.891955	0.105924	0.106474
848	chr19	34577817	34579339	chr19:34512394	0	+	chr19	34512394	34514006	1612	21434	1000	N/A	N/A	N/A	N/A	align_both/0013/both0068733	1620	14	106	1514	1375	139	70	69	0.90819	0.899869	0.0979344	0.0981697
849	chr19	34663839	34666224	chr19:34730870	0	+	chr19	34730870	34733295	2425	21440	1000	N/A	N/A	N/A	N/A	align_both/0013/both0068747	2468	19	126	2342	2117	225	151	74	0.903928	0.896654	0.102807	0.103822
849	chr19	34664949	34666442	chr19:34512525	0	-	chr19	34512525	34514083	1558	21435	1000	N/A	N/A	N/A	N/A	align_both/0013/both0068734	1561	10	71	1490	1387	103	62	41	0.930872	0.924667	0.0725236	0.0728333
849	chr19	34667660	34672573	chr19:34568741	0	-	chr19	34568741	34574245	5504	21439	1000	N/A	N/A	N/A	N/A	align_both/0013/both0068740	7046	35	3675	3371	3038	333	191	142	0.901216	0.891955	0.105924	0.106474
849	chr19	34676914	34690532	chr19:34733462	0	+	chr19	34733462	34748857	15395	21441	1000	N/A	N/A	N/A	N/A	align_both/0013/both0068748	14078	116	1016	13062	11880	1182	698	484	0.909509	0.901502	0.0964338	0.0969504
849	chr19	34679619	34687856	chr19:34537758	0	-	chr19	34537758	34548863	11105	21438	1000	N/A	N/A	N/A	N/A	align_both/0013/both0068738	8759	69	670	8089	7403	686	420	266	0.915193	0.907453	0.0899965	0.090521
849	chr19	34730870	34733295	chr19:34663839	0	+	chr19	34663839	34666224	2385	21440	1000	N/A	N/A	N/A	N/A	align_both/0013/both0068747	2468	19	126	2342	2117	225	151	74	0.903928	0.896654	0.102807	0.103822
849	chr19	34732012	34733295	chr19:34512752	0	-	chr19	34512752	34514077	1325	21436	1000	N/A	N/A	N/A	N/A	align_both/0013/both0068736	1331	7	54	1277	1158	119	69	50	0.906813	0.901869	0.0995056	0.100013
106	chr19	34733462	34748857	chr19:34676914	0	+	chr19	34676914	34690532	13618	21441	1000	N/A	N/A	N/A	N/A	align_both/0013/both0068748	14078	116	1016	13062	11880	1182	698	484	0.909509	0.901502	0.0964338	0.0969504
850	chr19	34735861	34746172	chr19:34534816	0	-	chr19	34534816	34548863	14047	21437	1000	N/A	N/A	N/A	N/A	align_both/0013/both0068737	14354	76	4350	10004	9170	834	504	330	0.916633	0.909722	0.0883748	0.0888515
850	chr19	34825905	34827607	chr18:35366693	0	-	chr18	35366693	35368446	1753	20847	1000	N/A	N/A	N/A	N/A	align_both/0012/both0064356	1777	14	99	1678	1545	133	74	59	0.920739	0.913121	0.0837699	0.0840593
854	chr19	35349602	35351588	chr19:35362083	0	+	chr19	35362083	35364035	1952	21442	1000	N/A	N/A	N/A	N/A	align_both/0013/both0068780	2000	13	62	1938	1772	166	110	56	0.914345	0.908252	0.0909541	0.0916996
854	chr19	35357924	35360991	chr19:35365361	0	+	chr19	35365361	35373445	8084	21443	1000	N/A	N/A	N/A	N/A	align_both/0013/both0068781	8123	8	5095	3028	2904	124	85	39	0.959049	0.956522	0.0421116	0.0422844
854	chr19	35362083	35364035	chr19:35349602	0	+	chr19	35349602	35351588	1986	21442	1000	N/A	N/A	N/A	N/A	align_both/0013/both0068780	2000	13	62	1938	1772	166	110	56	0.914345	0.908252	0.0909541	0.0916996
854	chr19	35365361	35373445	chr19:35357924	0	+	chr19	35357924	35360991	3067	21443	1000	N/A	N/A	N/A	N/A	align_both/0013/both0068781	8123	8	5095	3028	2904	124	85	39	0.959049	0.956522	0.0421116	0.0422844
854	chr19	35382131	35384356	chr2:106697031	0	-	chr2	106697031	106698716	1685	21643	1000	N/A	N/A	N/A	N/A	align_both/0013/both0068787	2234	7	558	1676	1548	128	94	34	0.923628	0.919786	0.0805467	0.0814005
854	chr19	35382131	35384356	chr5:14651636	0	-	chr5	14651636	14653366	1730	21885	1000	N/A	N/A	N/A	N/A	align_both/0013/both0068794	2233	4	511	1722	1597	125	93	32	0.92741	0.925261	0.0763474	0.0771477
854	chr19	35382131	35384356	chr9:133019445	0	+	chr9	133019445	133021175	1730	22034	1000	N/A	N/A	N/A	N/A	align_both/0013/both0068800	2233	4	511	1722	1608	114	83	31	0.933798	0.931634	0.0693081	0.0699132
854	chr19	35382131	35384357	chr5:43494770	0	-	chr5	43494770	43496494	1724	21886	1000	N/A	N/A	N/A	N/A	align_both/0013/both0068795	2234	6	518	1716	1583	133	94	39	0.922494	0.91928	0.0818098	0.0825756
854	chr19	35382131	35384357	chr7:144646883	0	-	chr7	144646883	144648615	1732	21963	1000	N/A	N/A	N/A	N/A	align_both/0013/both0068799	2235	5	512	1723	1560	163	110	53	0.905398	0.902778	0.101123	0.102125
854	chr19	35382131	35384359	chr15:52936833	0	-	chr15	52936833	52938558	1725	13092	1000	N/A	N/A	N/A	N/A	align_both/0008/both0041722	2230	6	507	1723	1560	163	107	56	0.905398	0.902256	0.101123	0.102021
854	chr19	35382131	35384359	chr1:96446889	0	+	chr1	96446889	96448623	1734	21331	1000	N/A	N/A	N/A	N/A	align_both/0013/both0068783	2237	5	512	1725	1585	140	103	37	0.918841	0.916185	0.0858956	0.0868787
854	chr19	35382131	35384359	chr12:19455944	0	-	chr12	19455944	19457688	1744	8160	1000	N/A	N/A	N/A	N/A	align_both/0003/both0018560	2237	7	502	1735	1573	162	108	54	0.906628	0.902985	0.0997164	0.100643
854	chr19	35382131	35384360	chr3:39358504	0	+	chr3	39358504	39360226	1722	21794	1000	N/A	N/A	N/A	N/A	align_both/0013/both0068788	2237	9	523	1714	1563	151	103	48	0.911902	0.907139	0.0937168	0.0946064
854	chr19	35382131	35384363	chr7:22510303	0	-	chr7	22510303	22512039	1736	21962	1000	N/A	N/A	N/A	N/A	align_both/0013/both0068798	2239	3	510	1729	1603	126	90	36	0.927126	0.92552	0.0766624	0.077358
854	chr19	35382175	35384356	chr4:105484695	0	+	chr4	105484695	105486382	1687	21832	1000	N/A	N/A	N/A	N/A	align_both/0013/both0068792	2190	5	512	1678	1540	138	99	39	0.917759	0.915033	0.0871091	0.0880324
854	chr19	35382948	35384350	chr6:73517514	0	-	chr6	73517514	73519385	1871	21917	1000	N/A	N/A	N/A	N/A	align_both/0013/both0068797	1871	7	469	1402	1306	96	70	26	0.931526	0.926899	0.0718037	0.0724585
859	chr19	35955969	35957397	chrX:117397923	0	-	chrX	117397923	117399361	1438	22218	1000	N/A	N/A	N/A	N/A	align_both/0013/both0068804	1462	11	58	1404	1276	128	73	55	0.908832	0.901767	0.0972036	0.0976502
859	chr19	35955987	35957340	chr16:17095112	0	+	chr16	17095112	17096423	1311	15995	1000	N/A	N/A	N/A	N/A	align_both/0009/both0047402	1358	10	52	1306	1200	106	68	38	0.918836	0.911854	0.0859006	0.0864802
107	chr19	36272742	36324422	chr19:37254116	0	-	chr19	37254116	37305717	51601	21445	1000	N/A	N/A	N/A	N/A	align_both/0013/both0068812	53611	132	3941	49670	47798	1872	929	943	0.962311	0.959761	0.0386687	0.0386999
862	chr19	36310588	36323893	chr19:37321682	0	-	chr19	37321682	37336202	14520	21447	1000	N/A	N/A	N/A	N/A	align_both/0013/both0068813	15955	94	4085	11870	10843	1027	595	432	0.913479	0.906302	0.0919316	0.0923592
862	chr19	36319723	36322430	chr19:36800807	0	-	chr19	36800807	36803186	2379	21448	1000	N/A	N/A	N/A	N/A	align_both/0013/both0068811	2712	10	338	2374	2239	135	93	42	0.943134	0.939178	0.0591375	0.0594914
863	chr19	36494582	36497095	chr10:124988441	0	+	chr10	124988441	124989700	1259	5210	1000	N/A	N/A	N/A	N/A	align_both/0001/both0009491	2529	14	1286	1243	1141	102	57	45	0.91794	0.907717	0.0869056	0.0872251
865	chr19	36760820	36771851	chr20:25835162	0	+	chr20	25835162	25845151	9989	21676	1000	N/A	N/A	N/A	N/A	align_both/0013/both0068932	10416	59	672	9744	8929	815	504	311	0.916359	0.910844	0.0886837	0.0892148
865	chr19	36760820	36785923	chr20:26004289	0	-	chr20	26004289	26020745	16456	21677	1000	N/A	N/A	N/A	N/A	align_both/0013/both0068936	18264	98	2552	15712	14383	1329	826	503	0.915415	0.909741	0.0897468	0.0903032
865	chr19	36760822	36785923	chr9:61567084	0	-	chr9	61567084	61583524	16440	22088	1000	N/A	N/A	N/A	N/A	align_both/0013/both0068949	18254	99	2550	15704	14312	1392	865	527	0.91136	0.905651	0.094331	0.0949485
865	chr19	36760823	36785923	chr9:41731325	0	+	chr9	41731325	41747895	16570	22089	1000	N/A	N/A	N/A	N/A	align_both/0013/both0068945	19205	95	3463	15742	14385	1357	842	515	0.913797	0.908316	0.0915721	0.0921484
865	chr19	36760823	36785923	chr9:61943401	0	+	chr9	61943401	61959941	16540	22090	1000	N/A	N/A	N/A	N/A	align_both/0013/both0068954	19175	95	3433	15742	14387	1355	846	509	0.913925	0.908442	0.0914285	0.0920185
865	chr19	36760823	36785923	chr9:65498144	0	-	chr9	65498144	65514653	16509	22091	1000	N/A	N/A	N/A	N/A	align_both/0013/both0068958	18312	93	2604	15708	14336	1372	848	524	0.912656	0.907284	0.0928629	0.0934467
865	chr19	36760823	36785923	chr9:67628601	0	-	chr9	67628601	67645124	16523	22092	1000	N/A	N/A	N/A	N/A	align_both/0013/both0068963	18321	96	2608	15713	14393	1320	826	494	0.915993	0.910431	0.0890954	0.0896594
865	chr19	36760874	36785916	chr17:22317672	0	-	chr17	22317672	22333173	15501	19809	1000	N/A	N/A	N/A	N/A	align_both/0011/both0057339	18229	93	3498	14731	13512	1219	784	435	0.917249	0.911495	0.0876821	0.0882937
865	chr19	36760878	36783927	chr12:37561654	0	-	chr12	37561654	37577136	15482	8167	1000	N/A	N/A	N/A	N/A	align_both/0003/both0019369	15973	95	998	14975	13661	1314	828	486	0.912254	0.906503	0.0933183	0.0939587
865	chr19	36773787	36776139	chr17:35809480	0	-	chr17	35809480	35811531	2051	19821	1000	N/A	N/A	N/A	N/A	align_both/0011/both0058919	2388	8	373	2015	1879	136	81	55	0.932506	0.928819	0.0707262	0.0710064
865	chr19	36787119	36790780	chr19:37796627	0	+	chr19	37796627	37800922	4295	21449	1000	N/A	N/A	N/A	N/A	align_both/0013/both0068930	4515	19	1074	3441	3137	304	203	101	0.911654	0.906647	0.0939983	0.0948221
865	chr19	36787451	36790831	chr20:26000136	0	-	chr20	26000136	26003835	3699	21678	1000	N/A	N/A	N/A	N/A	align_both/0013/both0068939	3738	18	397	3341	3020	321	195	126	0.903921	0.899077	0.102815	0.103487
865	chr19	36787451	36790831	chr9:41748356	0	+	chr9	41748356	41752034	3678	22093	1000	N/A	N/A	N/A	N/A	align_both/0013/both0068947	3733	20	408	3325	3006	319	203	116	0.90406	0.898655	0.102655	0.103472
865	chr19	36787451	36790831	chr9:61562940	0	-	chr9	61562940	61566624	3684	22094	1000	N/A	N/A	N/A	N/A	align_both/0013/both0068952	3742	22	420	3322	3000	322	199	123	0.90307	0.897129	0.103791	0.10453
865	chr19	36787451	36790831	chr9:61960401	0	+	chr9	61960401	61964093	3692	22095	1000	N/A	N/A	N/A	N/A	align_both/0013/both0068956	3747	20	422	3325	3008	317	201	116	0.904662	0.899253	0.101966	0.102759
865	chr19	36787453	36790831	chr12:37556623	0	-	chr12	37556623	37560289	3666	8166	1000	N/A	N/A	N/A	N/A	align_both/0003/both0019368	3708	17	372	3336	3017	319	197	122	0.904377	0.899791	0.102293	0.103006
865	chr19	36787471	36790831	chr9:65494021	0	-	chr9	65494021	65497675	3654	22096	1000	N/A	N/A	N/A	N/A	align_both/0013/both0068961	3707	20	400	3307	2995	312	195	117	0.905655	0.90021	0.100829	0.101558
865	chr19	36790583	36799888	chr19:37311756	0	+	chr19	37311756	37321072	9316	21450	1000	N/A	N/A	N/A	N/A	align_both/0013/both0068929	10423	62	2225	8198	7523	675	379	296	0.917663	0.910775	0.0872174	0.0875469
865	chr19	36803212	36804310	chr22:16755165	0	+	chr22	16755165	16756384	1219	21753	1000	N/A	N/A	N/A	N/A	align_both/0013/both0069037	1230	10	143	1087	983	104	57	47	0.904324	0.89608	0.102353	0.102763
865	chr19	36803212	36804314	chr17:22367055	0	-	chr17	22367055	22368284	1229	19812	1000	N/A	N/A	N/A	N/A	align_both/0011/both0057348	1236	10	141	1095	989	106	60	46	0.903196	0.895023	0.103647	0.10414
865	chr19	36803212	36810564	chr4:184568640	0	-	chr4	184568640	184578149	9509	21840	1000	N/A	N/A	N/A	N/A	align_both/0013/both0069050	10140	63	3419	6721	6078	643	401	242	0.90433	0.895932	0.102346	0.103091
865	chr19	36807829	36810564	chr19:37042414	0	-	chr19	37042414	37045085	2671	21452	1000	N/A	N/A	N/A	N/A	align_both/0013/both0068971	2765	16	124	2641	2481	160	95	65	0.939417	0.93376	0.0631703	0.0633888
867	chr19	37026486	37029999	chr19:37784223	0	-	chr19	37784223	37788384	4161	21453	1000	N/A	N/A	N/A	N/A	align_both/0013/both0068980	4194	26	714	3480	3220	260	160	100	0.925287	0.918426	0.0787012	0.0791059
867	chr19	37027258	37029505	chr17:22655768	0	-	chr17	22655768	22658015	2247	19815	1000	N/A	N/A	N/A	N/A	align_both/0011/both0057534	2261	10	28	2233	2048	185	101	84	0.917152	0.913063	0.0877917	0.0880821
867	chr19	37032766	37035431	chr4:184550879	0	+	chr4	184550879	184553209	2330	21841	1000	N/A	N/A	N/A	N/A	align_both/0013/both0069051	2680	14	365	2315	2126	189	120	69	0.918359	0.912838	0.0864363	0.086999
867	chr19	37032766	37035433	chr17:22355793	0	+	chr17	22355793	22358486	2693	19810	1000	N/A	N/A	N/A	N/A	align_both/0011/both0057344	2708	17	56	2652	2428	224	141	83	0.915535	0.909704	0.089611	0.0901963
867	chr19	37033228	37035433	chr22:16764102	0	-	chr22	16764102	16766346	2244	21754	1000	N/A	N/A	N/A	N/A	align_both/0013/both0069039	2248	11	47	2201	2010	191	126	65	0.913221	0.90868	0.0922234	0.0929774
867	chr19	37033529	37035428	chr20:29674484	0	+	chr20	29674484	29676366	1882	21681	1000	N/A	N/A	N/A	N/A	align_both/0013/both0069021	1926	12	71	1855	1671	184	111	73	0.900809	0.895019	0.106393	0.107094
867	chr19	37033529	37035433	chr20:25884836	0	-	chr20	25884836	25886721	1885	21679	1000	N/A	N/A	N/A	N/A	align_both/0013/both0068992	1933	12	77	1856	1684	172	108	64	0.907328	0.901499	0.098918	0.0996316
867	chr19	37033529	37035433	chr20:26263198	0	+	chr20	26263198	26265082	1884	21680	1000	N/A	N/A	N/A	N/A	align_both/0013/both0069006	1941	12	94	1847	1676	171	109	62	0.907417	0.90156	0.0988155	0.0995738
867	chr19	37033529	37035433	chr20:30180066	0	-	chr20	30180066	30181968	1902	21682	1000	N/A	N/A	N/A	N/A	align_both/0013/both0069029	1946	11	86	1860	1679	181	107	74	0.902688	0.897381	0.10423	0.104842
867	chr19	37033529	37035433	chr7:57671546	0	-	chr7	57671546	57673426	1880	21964	1000	N/A	N/A	N/A	N/A	align_both/0013/both0069069	1923	14	62	1861	1696	165	105	60	0.911338	0.904533	0.0943561	0.0950392
867	chr19	37033529	37035433	chr12:37439912	0	-	chr12	37439912	37441813	1901	8165	1000	N/A	N/A	N/A	N/A	align_both/0003/both0019377	1941	12	77	1864	1690	174	104	70	0.906652	0.900853	0.0996888	0.100274
867	chr19	37034580	37037673	chr7:57801658	0	+	chr7	57801658	57807000	5342	21965	1000	N/A	N/A	N/A	N/A	align_both/0013/both0069070	3094	20	68	3026	2776	250	164	86	0.917383	0.911359	0.0875322	0.0881927
867	chr19	37034580	37037673	chr9:61600448	0	+	chr9	61600448	61605796	5348	22097	1000	N/A	N/A	N/A	N/A	align_both/0013/both0069097	3140	22	68	3072	2805	267	173	94	0.913086	0.906593	0.0923765	0.0930801
867	chr19	37035398	37037666	chr22:16759622	0	-	chr22	16759622	16761895	2273	21755	1000	N/A	N/A	N/A	N/A	align_both/0013/both0069040	2303	16	65	2238	2041	197	128	69	0.911975	0.905501	0.0936341	0.0943663
867	chr19	37035398	37037673	chr9:41709052	0	-	chr9	41709052	41711328	2276	22098	1000	N/A	N/A	N/A	N/A	align_both/0013/both0069086	2309	19	67	2242	2041	201	133	68	0.910348	0.902698	0.0954798	0.0963009
867	chr19	37035398	37037673	chr9:61921091	0	-	chr9	61921091	61923372	2281	22099	1000	N/A	N/A	N/A	N/A	align_both/0013/both0069098	2309	17	62	2247	2041	206	138	68	0.908322	0.901502	0.097784	0.0986908
867	chr19	37035398	37037673	chr9:65534627	0	+	chr9	65534627	65536908	2281	22100	1000	N/A	N/A	N/A	N/A	align_both/0013/both0069108	2309	17	62	2247	2046	201	131	70	0.910547	0.90371	0.0952532	0.0960219
867	chr19	37035398	37037673	chr9:67665124	0	+	chr9	67665124	67667409	2285	22101	1000	N/A	N/A	N/A	N/A	align_both/0013/both0069114	2313	17	66	2247	2042	205	138	67	0.908767	0.901943	0.0972772	0.0981913
867	chr19	37035398	37037673	chr12:37435414	0	-	chr12	37435414	37437698	2284	8164	1000	N/A	N/A	N/A	N/A	align_both/0003/both0019376	2309	17	59	2250	2026	224	147	77	0.900444	0.893692	0.106813	0.10782
867	chr19	37035398	37037717	chr7:57667004	0	-	chr7	57667004	57669334	2330	21966	1000	N/A	N/A	N/A	N/A	align_both/0013/both0069071	2353	14	57	2296	2072	224	138	86	0.902439	0.89697	0.104517	0.105256
867	chr19	37035400	37037641	chr20:30175601	0	-	chr20	30175601	30177853	2252	21683	1000	N/A	N/A	N/A	N/A	align_both/0013/both0069030	2275	14	57	2218	1998	220	143	77	0.900812	0.895161	0.10639	0.107351
867	chr19	37035405	37037659	chr20:25813176	0	-	chr20	25813176	25815223	2047	21684	1000	N/A	N/A	N/A	N/A	align_both/0013/both0068995	2298	16	295	2003	1818	185	113	72	0.907639	0.900446	0.0985633	0.0991923
867	chr19	37035405	37037659	chr20:26040683	0	+	chr20	26040683	26042730	2047	21685	1000	N/A	N/A	N/A	N/A	align_both/0013/both0069008	2298	16	295	2003	1818	185	113	72	0.907639	0.900446	0.0985633	0.0991923
867	chr19	37035518	37037671	chr20:26267722	0	+	chr20	26267722	26269890	2168	21686	1000	N/A	N/A	N/A	N/A	align_both/0013/both0069009	2187	14	53	2134	1936	198	121	77	0.907216	0.901304	0.0990448	0.0996817
867	chr19	37035518	37037673	chr17:22360829	0	+	chr17	22360829	22362963	2134	19811	1000	N/A	N/A	N/A	N/A	align_both/0011/both0057345	2176	14	63	2113	1950	163	100	63	0.922858	0.916784	0.0814036	0.0818322
867	chr19	37042414	37045085	chr19:36807829	0	-	chr19	36807829	36810564	2735	21452	1000	N/A	N/A	N/A	N/A	align_both/0013/both0068971	2765	16	124	2641	2481	160	95	65	0.939417	0.93376	0.0631703	0.0633888
868	chr19	37151198	37153888	chr19:37184836	0	+	chr19	37184836	37187527	2691	21454	1000	N/A	N/A	N/A	N/A	align_both/0013/both0068977	2692	2	3	2689	2547	142	98	44	0.947192	0.946488	0.054759	0.0550631
869	chr19	37254116	37305717	chr19:36272742	0	-	chr19	36272742	36324422	51680	21445	1000	N/A	N/A	N/A	N/A	align_both/0013/both0068812	53611	132	3941	49670	47798	1872	929	943	0.962311	0.959761	0.0386687	0.0386999
869	chr19	37268663	37305717	chr4:131723680	0	-	chr4	131723680	131760192	36512	21842	1000	N/A	N/A	N/A	N/A	align_both/0013/both0069139	37171	130	776	36395	33263	3132	1258	1874	0.913944	0.910691	0.0914063	0.0914392
869	chr19	37311756	37321072	chr19:36790583	0	+	chr19	36790583	36799888	9305	21450	1000	N/A	N/A	N/A	N/A	align_both/0013/both0068929	10423	62	2225	8198	7523	675	379	296	0.917663	0.910775	0.0872174	0.0875469
869	chr19	37321682	37336202	chr19:36310588	0	-	chr19	36310588	36323893	13305	21447	1000	N/A	N/A	N/A	N/A	align_both/0013/both0068813	15955	94	4085	11870	10843	1027	595	432	0.913479	0.906302	0.0919316	0.0923592
869	chr19	37323160	37325529	chr19:36800835	0	+	chr19	36800835	36803186	2351	21451	1000	N/A	N/A	N/A	N/A	align_both/0013/both0068978	2369	6	18	2351	2222	129	89	40	0.94513	0.942724	0.056981	0.0573108
873	chr19	37784223	37788384	chr19:37026486	0	-	chr19	37026486	37029999	3513	21453	1000	N/A	N/A	N/A	N/A	align_both/0013/both0068980	4194	26	714	3480	3220	260	160	100	0.925287	0.918426	0.0787012	0.0791059
873	chr19	37784550	37787319	chr17:22655434	0	+	chr17	22655434	22658529	3095	19814	1000	N/A	N/A	N/A	N/A	align_both/0011/both0057535	3105	14	346	2759	2488	271	157	114	0.901776	0.897223	0.105279	0.105849
873	chr19	37792670	37794058	chr16:71927612	0	+	chr16	71927612	71929003	1391	16006	1000	N/A	N/A	N/A	N/A	align_both/0010/both0053106	1393	5	7	1386	1329	57	37	20	0.958874	0.955428	0.0422961	0.0424364
873	chr19	37793029	37794065	chr12:55663857	0	-	chr12	55663857	55665199	1342	8172	1000	N/A	N/A	N/A	N/A	align_both/0004/both0020504	1352	7	326	1026	943	83	51	32	0.919103	0.912875	0.085601	0.0860806
873	chr19	37796627	37800922	chr19:36787119	0	+	chr19	36787119	36790780	3661	21449	1000	N/A	N/A	N/A	N/A	align_both/0013/both0068930	4515	19	1074	3441	3137	304	203	101	0.911654	0.906647	0.0939983	0.0948221
884	chr19	39241741	39248900	chr19:39264089	0	-	chr19	39264089	39273022	8933	21457	1000	N/A	N/A	N/A	N/A	align_both/0013/both0069300	8994	18	1896	7098	6835	263	174	89	0.962947	0.960512	0.0379993	0.038121
884	chr19	39264089	39273022	chr19:39241741	0	-	chr19	39241741	39248900	7159	21457	1000	N/A	N/A	N/A	N/A	align_both/0013/both0069300	8994	18	1896	7098	6835	263	174	89	0.962947	0.960512	0.0379993	0.038121
886	chr19	39534458	39536333	chrX:110521125	0	+	chrX	110521125	110522905	1780	22219	1000	N/A	N/A	N/A	N/A	align_both/0013/both0069312	1898	12	141	1757	1615	142	97	45	0.91918	0.912945	0.0855146	0.0862526
887	chr19	39630558	39632979	chr4:78001330	0	-	chr4	78001330	78004048	2718	21848	1000	N/A	N/A	N/A	N/A	align_both/0013/both0069336	2727	9	315	2412	2244	168	116	52	0.930348	0.92689	0.0731013	0.0736556
887	chr19	39662280	39667418	chr7:57811424	0	+	chr7	57811424	57816476	5052	21969	1000	N/A	N/A	N/A	N/A	align_both/0013/both0069340	5204	25	218	4986	4552	434	265	169	0.912956	0.908401	0.0925231	0.0930726
887	chr19	39662280	39667440	chr17:22367296	0	+	chr17	22367296	22372326	5030	19813	1000	N/A	N/A	N/A	N/A	align_both/0011/both0057357	5228	18	266	4962	4541	421	257	164	0.915155	0.911847	0.0900396	0.090558
887	chr19	39662280	39667440	chr20:25801701	0	-	chr20	25801701	25806683	4982	21691	1000	N/A	N/A	N/A	N/A	align_both/0013/both0069325	5213	21	284	4929	4499	430	254	176	0.912761	0.908889	0.0927438	0.0932202
887	chr19	39662280	39667440	chr20:25871366	0	-	chr20	25871366	25876593	5227	21692	1000	N/A	N/A	N/A	N/A	align_both/0013/both0069326	5259	24	131	5128	4626	502	279	223	0.902106	0.897904	0.104899	0.105362
887	chr19	39662280	39667440	chr20:26049222	0	+	chr20	26049222	26054203	4981	21693	1000	N/A	N/A	N/A	N/A	align_both/0013/both0069327	5213	22	285	4928	4500	428	253	175	0.913149	0.909091	0.0923047	0.0927779
887	chr19	39662280	39667440	chr20:29540424	0	+	chr20	29540424	29545504	5080	21695	1000	N/A	N/A	N/A	N/A	align_both/0013/both0069329	5208	22	176	5032	4603	429	242	187	0.914746	0.910764	0.0905016	0.0908659
887	chr19	39662280	39667440	chr20:30338921	0	-	chr20	30338921	30343977	5056	21697	1000	N/A	N/A	N/A	N/A	align_both/0013/both0069331	5205	22	194	5011	4584	427	251	176	0.914787	0.910789	0.0904544	0.0908963
887	chr19	39662280	39667440	chr22:16751254	0	-	chr22	16751254	16756143	4889	21757	1000	N/A	N/A	N/A	N/A	align_both/0013/both0069333	5228	18	407	4821	4430	391	227	164	0.918896	0.915478	0.0858329	0.0862066
887	chr19	39662493	39667440	chr4:184577061	0	+	chr4	184577061	184582159	5098	21849	1000	N/A	N/A	N/A	N/A	align_both/0013/both0069338	5327	25	609	4718	4254	464	284	180	0.901653	0.896901	0.10542	0.106152
889	chr19	39873725	39889994	chr19:39890001	0	+	chr19	39890001	39906246	16245	21458	1000	N/A	N/A	N/A	N/A	align_both/0013/both0069317	16342	27	170	16172	15823	349	197	152	0.978419	0.976789	0.0218971	0.0219168
889	chr19	39890001	39906246	chr19:39873725	0	+	chr19	39873725	39889994	16269	21458	1000	N/A	N/A	N/A	N/A	align_both/0013/both0069317	16342	27	170	16172	15823	349	197	152	0.978419	0.976789	0.0218971	0.0219168
896	chr19	40808991	40827267	chr19:41120954	0	-	chr19	41120954	41137775	16821	21459	1000	N/A	N/A	N/A	N/A	align_both/0013/both0069351	18554	85	2011	16543	15680	863	618	245	0.947833	0.942988	0.0540701	0.0544108
896	chr19	40830651	40855617	chr19:40861515	0	+	chr19	40861515	40887402	25887	21460	1000	N/A	N/A	N/A	N/A	align_both/0013/both0069352	26394	68	1935	24459	23612	847	564	283	0.965371	0.962694	0.0354543	0.0355628
896	chr19	40841652	40855617	chr19:41083524	0	-	chr19	41083524	41098083	14559	21461	1000	N/A	N/A	N/A	N/A	align_both/0013/both0069353	15065	62	1606	13459	12585	874	545	329	0.935062	0.930774	0.0679229	0.068238
896	chr19	40846751	40853959	chr19:41024140	0	+	chr19	41024140	41031290	7150	21462	1000	N/A	N/A	N/A	N/A	align_both/0013/both0069356	7449	46	540	6909	6231	678	404	274	0.901867	0.895902	0.105174	0.105821
896	chr19	40861515	40887402	chr19:40830651	0	+	chr19	40830651	40855617	24966	21460	1000	N/A	N/A	N/A	N/A	align_both/0013/both0069352	26394	68	1935	24459	23612	847	564	283	0.965371	0.962694	0.0354543	0.0355628
896	chr19	40873288	40887676	chr19:41083327	0	-	chr19	41083327	41098301	14974	21463	1000	N/A	N/A	N/A	N/A	align_both/0013/both0069358	15498	64	1634	13864	12942	922	585	337	0.933497	0.929207	0.0696384	0.0699956
13	chr19	40889272	40906189	chr19:41044136	0	-	chr19	41044136	41064439	20303	21464	1000	N/A	N/A	N/A	N/A	align_both/0013/both0069361	18230	89	1914	16316	15292	1024	708	316	0.93724	0.932155	0.0655428	0.0659869
897	chr19	40920540	40954133	chr19:40989010	0	+	chr19	40989010	41023060	34050	21465	1000	N/A	N/A	N/A	N/A	align_both/0013/both0069366	36612	147	5581	31031	28820	2211	1378	833	0.928749	0.92437	0.0748667	0.0752518
897	chr19	40974644	40978371	chr19:41140697	0	-	chr19	41140697	41144713	4016	21466	1000	N/A	N/A	N/A	N/A	align_both/0013/both0069368	4101	17	459	3642	3357	285	194	91	0.921746	0.917464	0.0826444	0.0833221
897	chr19	40989010	41023060	chr19:40920540	0	+	chr19	40920540	40954133	33593	21465	1000	N/A	N/A	N/A	N/A	align_both/0013/both0069366	36612	147	5581	31031	28820	2211	1378	833	0.928749	0.92437	0.0748667	0.0752518
112	chr19	41024140	41031290	chr19:40846751	0	+	chr19	40846751	40853959	7208	21462	1000	N/A	N/A	N/A	N/A	align_both/0013/both0069356	7449	46	540	6909	6231	678	404	274	0.901867	0.895902	0.105174	0.105821
898	chr19	41044136	41064439	chr19:40889272	0	-	chr19	40889272	40906189	16917	21464	1000	N/A	N/A	N/A	N/A	align_both/0013/both0069361	18230	89	1914	16316	15292	1024	708	316	0.93724	0.932155	0.0655428	0.0659869
898	chr19	41083327	41098301	chr19:40873288	0	-	chr19	40873288	40887676	14388	21463	1000	N/A	N/A	N/A	N/A	align_both/0013/both0069358	15498	64	1634	13864	12942	922	585	337	0.933497	0.929207	0.0696384	0.0699956
898	chr19	41083524	41098083	chr19:40841652	0	-	chr19	40841652	40855617	13965	21461	1000	N/A	N/A	N/A	N/A	align_both/0013/both0069353	15065	62	1606	13459	12585	874	545	329	0.935062	0.930774	0.0679229	0.068238
898	chr19	41120954	41137775	chr19:40808991	0	-	chr19	40808991	40827267	18276	21459	1000	N/A	N/A	N/A	N/A	align_both/0013/both0069351	18554	85	2011	16543	15680	863	618	245	0.947833	0.942988	0.0540701	0.0544108
898	chr19	41140697	41144713	chr19:40974644	0	-	chr19	40974644	40978371	3727	21466	1000	N/A	N/A	N/A	N/A	align_both/0013/both0069368	4101	17	459	3642	3357	285	194	91	0.921746	0.917464	0.0826444	0.0833221
901	chr19	41506080	41508198	chr16:52655232	0	+	chr16	52655232	52657327	2095	16003	1000	N/A	N/A	N/A	N/A	align_both/0010/both0052645	2124	7	35	2089	1985	104	69	35	0.950215	0.947042	0.0515139	0.0517437
901	chr19	41506083	41508194	chr15:36613403	0	+	chr15	36613403	36615477	2074	13089	1000	N/A	N/A	N/A	N/A	align_both/0008/both0041113	2120	15	55	2065	1955	110	67	43	0.946731	0.939904	0.0552551	0.0554407
901	chr19	41506083	41508195	chr7:116970892	0	-	chr7	116970892	116972979	2087	21970	1000	N/A	N/A	N/A	N/A	align_both/0013/both0069399	2127	13	55	2072	1918	154	90	64	0.925676	0.919904	0.07827	0.0785876
901	chr19	41506091	41508179	chr2:25808699	0	-	chr2	25808699	25810716	2017	21645	1000	N/A	N/A	N/A	N/A	align_both/0013/both0069394	2103	18	101	2002	1823	179	115	64	0.910589	0.902475	0.0952055	0.0959297
901	chr19	41506106	41508198	chr2:230571887	0	-	chr2	230571887	230573956	2069	21646	1000	N/A	N/A	N/A	N/A	align_both/0013/both0069397	2098	7	35	2063	1968	95	59	36	0.953951	0.950725	0.0475238	0.0476719
901	chr19	41506110	41508185	chr7:27023696	0	+	chr7	27023696	27026484	2788	21971	1000	N/A	N/A	N/A	N/A	align_both/0013/both0069398	2838	16	813	2025	1849	176	108	68	0.913086	0.905928	0.0923759	0.0929355
901	chr19	41506812	41508185	chr1:154156369	0	-	chr1	154156369	154157723	1354	21332	1000	N/A	N/A	N/A	N/A	align_both/0013/both0069391	1379	8	31	1348	1296	52	35	17	0.961424	0.955752	0.0396031	0.039745
904	chr19	41829603	41831286	chrX:119220717	0	+	chrX	119220717	119222094	1377	22221	1000	N/A	N/A	N/A	N/A	align_both/0013/both0069496	1690	8	320	1370	1264	106	74	32	0.922628	0.917271	0.0816609	0.0823891
904	chr19	41829605	41831267	chr19:11665737	0	-	chr19	11665737	11667092	1355	21375	1000	N/A	N/A	N/A	N/A	align_both/0013/both0066091	1665	5	313	1352	1275	77	61	16	0.943047	0.939573	0.0592312	0.0598205
904	chr19	41829606	41831203	chr12:92883712	0	+	chr12	92883712	92884969	1257	8176	1000	N/A	N/A	N/A	N/A	align_both/0004/both0021933	1599	5	344	1255	1159	96	73	23	0.923506	0.919841	0.0806823	0.0816527
904	chr19	41829607	41831262	chr13:52642432	0	+	chr13	52642432	52643782	1350	9613	1000	N/A	N/A	N/A	N/A	align_both/0005/both0025945	1659	4	313	1346	1260	86	63	23	0.936107	0.933333	0.0667797	0.0673526
904	chr19	41829607	41831265	chr5:80358748	0	-	chr5	80358748	80360100	1352	21890	1000	N/A	N/A	N/A	N/A	align_both/0013/both0069467	1662	6	314	1348	1264	84	62	22	0.937685	0.93353	0.0650562	0.065614
904	chr19	41829608	41831180	chr3:148166087	0	-	chr3	148166087	148167355	1268	21798	1000	N/A	N/A	N/A	N/A	align_both/0013/both0069457	1581	8	322	1259	1137	122	91	31	0.903098	0.897395	0.10376	0.105297
904	chr19	41829608	41831246	chr6:32325159	0	+	chr6	32325159	32326487	1328	21920	1000	N/A	N/A	N/A	N/A	align_both/0013/both0069475	1640	5	314	1326	1213	113	80	33	0.914781	0.911345	0.0904613	0.0914127
904	chr19	41829608	41831259	chr1:58047852	0	-	chr1	58047852	58049350	1498	21335	1000	N/A	N/A	N/A	N/A	align_both/0013/both0069434	1811	8	473	1338	1216	122	95	27	0.908819	0.903418	0.0972181	0.0987763
904	chr19	41829608	41831263	chr1:202911752	0	+	chr1	202911752	202913062	1310	21337	1000	N/A	N/A	N/A	N/A	align_both/0013/both0069440	1666	9	367	1299	1185	114	88	26	0.91224	0.905963	0.0933337	0.0947213
904	chr19	41829608	41831264	chr1:179455892	0	-	chr1	179455892	179457392	1500	21336	1000	N/A	N/A	N/A	N/A	align_both/0013/both0069438	1818	9	480	1338	1221	117	81	36	0.912556	0.906459	0.092976	0.0939023
904	chr19	41829608	41831265	chr4:77987532	0	-	chr4	77987532	77988872	1340	21851	1000	N/A	N/A	N/A	N/A	align_both/0013/both0069462	1659	6	321	1338	1212	126	96	30	0.90583	0.901786	0.100629	0.102182
904	chr19	41829608	41831267	chr16:51645758	0	+	chr16	51645758	51647114	1356	16002	1000	N/A	N/A	N/A	N/A	align_both/0010/both0052588	1665	4	315	1350	1267	83	61	22	0.938519	0.935746	0.0641482	0.0646816
904	chr19	41829608	41831267	chr18:32411880	0	-	chr18	32411880	32413235	1355	20846	1000	N/A	N/A	N/A	N/A	align_both/0012/both0064263	1664	4	314	1350	1270	80	62	18	0.940741	0.937962	0.0617315	0.0623264
904	chr19	41829608	41831267	chr2:41156535	0	+	chr2	41156535	41157890	1355	21647	1000	N/A	N/A	N/A	N/A	align_both/0013/both0069445	1667	7	320	1347	1227	120	86	34	0.910913	0.906204	0.0948381	0.0959378
904	chr19	41829608	41831267	chr2:201063029	0	+	chr2	201063029	201064383	1354	21648	1000	N/A	N/A	N/A	N/A	align_both/0013/both0069450	1663	4	313	1350	1263	87	66	21	0.935556	0.932792	0.0673828	0.0680444
904	chr19	41829608	41831267	chr8:81807712	0	+	chr8	81807712	81809066	1354	21999	1000	N/A	N/A	N/A	N/A	align_both/0013/both0069481	1664	5	315	1349	1228	121	86	35	0.910304	0.906942	0.0955297	0.0966125
904	chr19	41829608	41831275	chr7:84983496	0	+	chr7	84983496	84984847	1351	21972	1000	N/A	N/A	N/A	N/A	align_both/0013/both0069479	1668	3	318	1350	1248	102	80	22	0.924444	0.922395	0.0796379	0.0806897
904	chr19	41829609	41831267	chr8:141459016	0	+	chr8	141459016	141460368	1352	22000	1000	N/A	N/A	N/A	N/A	align_both/0013/both0069485	1671	9	332	1339	1221	118	83	35	0.911875	0.905786	0.0937479	0.0947488
904	chr19	41829616	41831257	chr2:174309693	0	-	chr2	174309693	174311025	1332	21649	1000	N/A	N/A	N/A	N/A	align_both/0013/both0069448	1644	5	315	1329	1202	127	91	36	0.904439	0.901049	0.102221	0.103508
904	chr19	41829618	41831263	chr11:5570914	0	-	chr11	5570914	5572241	1327	6803	1000	N/A	N/A	N/A	N/A	align_both/0002/both0011021	1657	9	342	1315	1205	110	81	29	0.91635	0.910121	0.0886938	0.0897486
904	chr19	41829618	41831264	chr2:206418973	0	-	chr2	206418973	206420287	1314	21650	1000	N/A	N/A	N/A	N/A	align_both/0013/both0069451	1651	8	342	1309	1208	101	73	28	0.922842	0.917236	0.0814222	0.0822461
904	chr19	41829618	41831267	chr4:73938277	0	-	chr4	73938277	73939613	1336	21852	1000	N/A	N/A	N/A	N/A	align_both/0013/both0069461	1651	6	317	1334	1213	121	96	25	0.909295	0.905224	0.0966762	0.0983182
904	chr19	41829625	41831260	chr9:125595628	0	+	chr9	125595628	125596958	1330	22149	1000	N/A	N/A	N/A	N/A	align_both/0013/both0069491	1645	8	325	1320	1195	125	91	34	0.905303	0.899849	0.101232	0.102568
904	chr19	41829628	41831267	chrX:100887302	0	-	chrX	100887302	100888630	1328	22222	1000	N/A	N/A	N/A	N/A	align_both/0013/both0069494	1643	7	319	1324	1219	105	79	26	0.920695	0.915853	0.0838192	0.0848313
904	chr19	41829630	41831202	chrX:100855022	0	-	chrX	100855022	100856417	1395	22223	1000	N/A	N/A	N/A	N/A	align_both/0013/both0069495	1730	7	493	1237	1141	96	64	32	0.922393	0.917203	0.0819228	0.082536
904	chr19	41829630	41831263	chr3:42889323	0	+	chr3	42889323	42890631	1308	21800	1000	N/A	N/A	N/A	N/A	align_both/0013/both0069454	1636	7	331	1305	1188	117	83	34	0.910345	0.905488	0.0954833	0.0965573
904	chr19	41829630	41831265	chr3:39334938	0	+	chr3	39334938	39336270	1332	21799	1000	N/A	N/A	N/A	N/A	align_both/0013/both0069453	1642	6	317	1325	1206	119	88	31	0.910189	0.906086	0.0956606	0.0969162
904	chr19	41829632	41831191	chr11:110787773	0	-	chr11	110787773	110789011	1238	6816	1000	N/A	N/A	N/A	N/A	align_both/0003/both0016277	1562	5	327	1235	1114	121	89	32	0.902024	0.898387	0.104994	0.106492
904	chr19	41829632	41831265	chr1:191145699	0	-	chr1	191145699	191146996	1297	21338	1000	N/A	N/A	N/A	N/A	align_both/0013/both0069439	1638	7	346	1292	1166	126	90	36	0.902477	0.897614	0.104473	0.105806
904	chr19	41829636	41831267	chr6:5608894	0	-	chr6	5608894	5610229	1335	21921	1000	N/A	N/A	N/A	N/A	align_both/0013/both0069472	1650	8	334	1316	1212	104	74	30	0.920973	0.915408	0.0835086	0.0843284
904	chr19	41829657	41831203	chr1:115856631	0	-	chr1	115856631	115857829	1198	21340	1000	N/A	N/A	N/A	N/A	align_both/0013/both0069437	1558	9	372	1186	1087	99	76	23	0.916526	0.909623	0.0884954	0.0897127
904	chr19	41829657	41831259	chr1:54536785	0	+	chr1	54536785	54538075	1290	21339	1000	N/A	N/A	N/A	N/A	align_both/0013/both0069433	1612	9	332	1280	1154	126	93	33	0.901563	0.895268	0.105525	0.107059
904	chr19	41829657	41831267	chr11:74354432	0	+	chr11	74354432	74356059	1627	6812	1000	N/A	N/A	N/A	N/A	align_both/0002/both0014950	1941	9	645	1296	1191	105	81	24	0.918981	0.912644	0.0857376	0.0868964
904	chr19	41829669	41831275	chr17:2306761	0	+	chr17	2306761	2308057	1296	19807	1000	N/A	N/A	N/A	N/A	align_both/0011/both0055437	1609	6	316	1293	1188	105	76	29	0.918793	0.91455	0.0859484	0.086876
904	chr19	41829689	41831264	chr9:88410206	0	-	chr9	88410206	88411440	1234	22150	1000	N/A	N/A	N/A	N/A	align_both/0013/both0069488	1580	9	351	1229	1133	96	71	25	0.921888	0.915186	0.0824865	0.083407
904	chr19	41829697	41831267	chr1:240919681	0	+	chr1	240919681	240920952	1271	21341	1000	N/A	N/A	N/A	N/A	align_both/0013/both0069441	1582	6	323	1259	1156	103	71	32	0.918189	0.913834	0.0866266	0.0874118
904	chr19	41829729	41831188	chr4:72807309	0	+	chr4	72807309	72808446	1137	21853	1000	N/A	N/A	N/A	N/A	align_both/0013/both0069460	1467	11	338	1129	1018	111	78	33	0.901683	0.892982	0.105386	0.106663
904	chr19	41829749	41831260	chr7:87521545	0	+	chr7	87521545	87522744	1199	21973	1000	N/A	N/A	N/A	N/A	align_both/0013/both0069480	1521	9	332	1189	1079	110	80	30	0.907485	0.900668	0.0987381	0.100002
904	chr19	41829763	41831278	chrX:74472667	0	-	chrX	74472667	74473850	1183	22224	1000	N/A	N/A	N/A	N/A	align_both/0013/both0069493	1523	7	348	1175	1067	108	77	31	0.908085	0.902707	0.0980542	0.0992115
904	chr19	41829879	41831267	chr8:82291293	0	-	chr8	82291293	82292373	1080	22001	1000	N/A	N/A	N/A	N/A	align_both/0013/both0069482	1389	2	310	1079	1021	58	44	14	0.946247	0.944496	0.0557771	0.0562248
113	chr19	42702202	42813992	chr19:43156728	0	+	chr19	43156728	43242055	85327	21469	1000	N/A	N/A	N/A	N/A	align_both/0013/both0069531	106715	281	24101	82614	78302	4312	2485	1827	0.947805	0.944593	0.0540996	0.0542377
113	chr19	42705063	42754185	chr19:42996831	0	+	chr19	42996831	43034169	37338	21470	1000	N/A	N/A	N/A	N/A	align_both/0013/both0069532	49617	117	12774	36843	34869	1974	1141	833	0.946421	0.943425	0.0555888	0.0557369
113	chr19	42705956	42777265	chr19:42826976	0	+	chr19	42826976	42885145	58169	21472	1000	N/A	N/A	N/A	N/A	align_both/0013/both0069534	72235	154	14992	57243	54265	2978	1669	1309	0.947976	0.945433	0.0539162	0.0540361
113	chr19	42724344	42754185	chr19:43253579	0	+	chr19	43253579	43277228	23649	21475	1000	N/A	N/A	N/A	N/A	align_both/0013/both0069545	29911	65	6332	23579	22353	1226	651	575	0.948005	0.945398	0.0538857	0.0539765
113	chr19	42724344	42805430	chr19:42902379	0	+	chr19	42902379	42960961	58582	21474	1000	N/A	N/A	N/A	N/A	align_both/0013/both0069535	71466	173	13087	58379	55341	3038	1689	1349	0.947961	0.94516	0.0539328	0.0540481
113	chr19	42728970	42754170	chr19:42754180	0	+	chr19	42754180	42779489	25309	21476	1000	N/A	N/A	N/A	N/A	align_both/0013/both0069524	25618	60	727	24891	23708	1183	683	500	0.952473	0.950182	0.0490999	0.049214
911	chr19	42734792	42754185	chr19:43200000	0	+	chr19	43200000	43213280	13280	21477	1000	N/A	N/A	N/A	N/A	align_both/0013/both0069546	19439	55	6205	13234	12419	815	458	357	0.938416	0.934532	0.0642597	0.0644344
911	chr19	42754180	42779489	chr19:42728970	0	+	chr19	42728970	42754170	25200	21476	1000	N/A	N/A	N/A	N/A	align_both/0013/both0069524	25618	60	727	24891	23708	1183	683	500	0.952473	0.950182	0.0490999	0.049214
911	chr19	42754180	42799996	chr19:43014963	0	+	chr19	43014963	43049974	35011	21479	1000	N/A	N/A	N/A	N/A	align_both/0013/both0069537	45933	94	11039	34894	33114	1780	1030	750	0.948988	0.946439	0.0528293	0.0529634
911	chr19	42754180	42799996	chr19:43258049	0	+	chr19	43258049	43296315	38266	21480	1000	N/A	N/A	N/A	N/A	align_both/0013/both0069547	45939	110	7796	38143	36272	1871	1065	806	0.950948	0.948213	0.0507299	0.0508439
911	chr19	42754180	42805412	chr19:43071547	0	+	chr19	43071547	43116175	44628	21478	1000	N/A	N/A	N/A	N/A	align_both/0013/both0069536	51436	123	7012	44424	42219	2205	1257	948	0.950365	0.947741	0.051354	0.0514718
911	chr19	42811012	42820936	chrX:7035198	0	+	chrX	7035198	7044785	9587	22226	1000	N/A	N/A	N/A	N/A	align_both/0013/both0069634	9937	25	363	9574	9209	365	238	127	0.961876	0.959371	0.0391272	0.0392491
113	chr19	42811012	42867953	chr19:42979889	0	+	chr19	42979889	43034169	54280	21483	1000	N/A	N/A	N/A	N/A	align_both/0013/both0069573	59699	148	8177	51522	48847	2675	1567	1108	0.94808	0.945365	0.0538042	0.0539515
113	chr19	42811012	42885149	chr19:43139603	0	+	chr19	43139603	43211041	71438	21482	1000	N/A	N/A	N/A	N/A	align_both/0013/both0069572	76957	213	8341	68616	64896	3720	2123	1597	0.945785	0.942858	0.0562741	0.0564171
911	chr19	42816835	42822169	chr19:42885147	0	+	chr19	42885147	42890149	5002	21484	1000	N/A	N/A	N/A	N/A	align_both/0013/both0069574	5339	12	342	4997	4757	240	147	93	0.951971	0.949691	0.0496356	0.0497881
911	chr19	42820938	42826325	chr19:43386542	0	-	chr19	43386542	43391957	5415	21486	1000	N/A	N/A	N/A	N/A	align_both/0013/both0069601	5437	19	72	5365	5092	273	174	99	0.949115	0.945765	0.0526939	0.0528982
911	chr19	42820938	42826331	chr19:43341516	0	+	chr19	43341516	43346942	5426	21485	1000	N/A	N/A	N/A	N/A	align_both/0013/both0069600	5439	16	59	5380	5093	287	189	98	0.946654	0.943847	0.055338	0.0555964
113	chr19	42826095	42885149	chr19:42890127	0	+	chr19	42890127	42942666	52539	21487	1000	N/A	N/A	N/A	N/A	align_both/0013/both0069575	59355	150	9527	49828	46851	2977	1639	1338	0.940254	0.937432	0.0622597	0.0624074
113	chr19	42826976	42885145	chr19:42705956	0	+	chr19	42705956	42777265	71309	21472	1000	N/A	N/A	N/A	N/A	align_both/0013/both0069534	72235	154	14992	57243	54265	2978	1669	1309	0.947976	0.945433	0.0539162	0.0540361
113	chr19	42829270	42867945	chr19:43056509	0	+	chr19	43056509	43090233	33724	21488	1000	N/A	N/A	N/A	N/A	align_both/0013/both0069576	38906	87	5413	33493	31656	1837	1009	828	0.945153	0.942704	0.0569562	0.0570777
113	chr19	42832189	42867953	chr19:43248458	0	+	chr19	43248458	43277228	28770	21489	1000	N/A	N/A	N/A	N/A	align_both/0013/both0069602	33559	82	4994	28565	26947	1618	902	716	0.943357	0.940657	0.0588959	0.0590361
113	chr19	42844206	42865715	chr19:42867948	0	+	chr19	42867948	42885149	17201	21490	1000	N/A	N/A	N/A	N/A	align_both/0013/both0069578	21775	39	4840	16935	15950	985	541	444	0.941836	0.939672	0.0605427	0.0606805
113	chr19	42850030	42867953	chr19:43200000	0	+	chr19	43200000	43213280	13280	21491	1000	N/A	N/A	N/A	N/A	align_both/0013/both0069604	17986	60	4769	13217	12361	856	492	364	0.935235	0.931009	0.0677336	0.0679509
912	chr19	42867948	42885149	chr19:42844206	0	+	chr19	42844206	42865715	21509	21490	1000	N/A	N/A	N/A	N/A	align_both/0013/both0069578	21775	39	4840	16935	15950	985	541	444	0.941836	0.939672	0.0605427	0.0606805
912	chr19	42867948	42885149	chr19:43014963	0	+	chr19	43014963	43031939	16976	21492	1000	N/A	N/A	N/A	N/A	align_both/0013/both0069579	17262	41	347	16915	15890	1025	565	460	0.939403	0.937131	0.0631855	0.0633388
912	chr19	42867948	42885149	chr19:43258049	0	+	chr19	43258049	43274993	16944	21493	1000	N/A	N/A	N/A	N/A	align_both/0013/both0069605	17255	48	365	16890	15921	969	514	455	0.942629	0.939957	0.0596843	0.0597958
912	chr19	42885147	42890149	chr19:42816835	0	+	chr19	42816835	42822169	5334	21484	1000	N/A	N/A	N/A	N/A	align_both/0013/both0069574	5339	12	342	4997	4757	240	147	93	0.951971	0.949691	0.0496356	0.0497881
912	chr19	42885147	42890149	chr19:42985442	0	+	chr19	42985442	42990455	5013	21495	1000	N/A	N/A	N/A	N/A	align_both/0013/both0069581	5032	20	49	4983	4748	235	159	76	0.95284	0.949031	0.0487083	0.0489297
912	chr19	42885147	42890334	chr19:43145415	0	+	chr19	43145415	43150618	5203	21494	1000	N/A	N/A	N/A	N/A	align_both/0013/both0069580	5212	13	34	5178	4927	251	165	86	0.951526	0.949143	0.0501118	0.050321
912	chr19	42890127	42925625	chr19:42994404	0	+	chr19	42994404	43034169	39765	21496	1000	N/A	N/A	N/A	N/A	align_both/0013/both0069582	37492	121	2134	35358	33314	2044	1171	873	0.942191	0.938978	0.0601581	0.0603254
912	chr19	42890127	42942666	chr19:42826095	0	+	chr19	42826095	42885149	59054	21487	1000	N/A	N/A	N/A	N/A	align_both/0013/both0069575	59355	150	9527	49828	46851	2977	1639	1338	0.940254	0.937432	0.0622597	0.0624074
912	chr19	42890127	42959463	chr19:43154366	0	+	chr19	43154366	43239761	85395	21497	1000	N/A	N/A	N/A	N/A	align_both/0013/both0069583	73326	254	4513	68813	64937	3876	2181	1695	0.943673	0.940203	0.0585539	0.0586989
912	chr19	42892542	42900873	chr19:42705066	0	+	chr19	42705066	42713137	8071	21471	1000	N/A	N/A	N/A	N/A	align_both/0013/both0069533	8427	31	452	7975	7552	423	278	145	0.946959	0.943293	0.0550097	0.055263
912	chr19	42898605	42925625	chr19:43248459	0	+	chr19	43248459	43277228	28769	21501	1000	N/A	N/A	N/A	N/A	align_both/0013/both0069609	29046	81	2303	26743	25289	1454	795	659	0.945631	0.942775	0.0564408	0.0565572
912	chr19	42902379	42960961	chr19:42724344	0	+	chr19	42724344	42805430	81086	21474	1000	N/A	N/A	N/A	N/A	align_both/0013/both0069535	71466	173	13087	58379	55341	3038	1689	1349	0.947961	0.94516	0.0539328	0.0540481
912	chr19	42906779	42925625	chr19:42925630	0	+	chr19	42925630	42944903	19273	21502	1000	N/A	N/A	N/A	N/A	align_both/0013/both0069587	19363	59	607	18756	17621	1135	617	518	0.939486	0.93654	0.0630951	0.0632375
912	chr19	42912583	42925625	chr19:43200000	0	+	chr19	43200000	43213280	13280	21503	1000	N/A	N/A	N/A	N/A	align_both/0013/both0069610	13464	66	606	12858	12019	839	453	386	0.934749	0.929975	0.0682659	0.0684278
912	chr19	42925620	42956833	chr19:43258049	0	+	chr19	43258049	43297619	39570	21506	1000	N/A	N/A	N/A	N/A	align_both/0013/both0069611	31334	92	293	31041	29371	1670	937	733	0.9462	0.943404	0.055827	0.0559565
912	chr19	42925620	42960459	chr19:43014963	0	+	chr19	43014963	43056463	41500	21505	1000	N/A	N/A	N/A	N/A	align_both/0013/both0069589	36510	86	1832	34678	32807	1871	1070	801	0.946046	0.943706	0.0559926	0.0561355
912	chr19	42925620	42971779	chr19:43071547	0	+	chr19	43071547	43127048	55501	21504	1000	N/A	N/A	N/A	N/A	align_both/0013/both0069588	47967	123	2533	45434	43235	2199	1264	935	0.9516	0.949031	0.0500322	0.0501483
912	chr19	42925630	42944903	chr19:42906779	0	+	chr19	42906779	42925625	18846	21502	1000	N/A	N/A	N/A	N/A	align_both/0013/both0069587	19363	59	607	18756	17621	1135	617	518	0.939486	0.93654	0.0630951	0.0632375
912	chr19	42956852	42989222	chrX:7003889	0	+	chrX	7003889	7044785	40896	22228	1000	N/A	N/A	N/A	N/A	align_both/0013/both0069636	32853	82	966	31887	30681	1206	770	436	0.962179	0.959711	0.038808	0.0389179
14	chr19	42973138	43034169	chr19:43133183	0	+	chr19	43133183	43194192	61009	21507	1000	N/A	N/A	N/A	N/A	align_both/0013/both0069593	61701	187	1362	60339	57176	3163	1853	1310	0.94758	0.944652	0.0543425	0.054493
14	chr19	42979889	43034169	chr19:42811012	0	+	chr19	42811012	42867953	56941	21483	1000	N/A	N/A	N/A	N/A	align_both/0013/both0069573	59699	148	8177	51522	48847	2675	1567	1108	0.94808	0.945365	0.0538042	0.0539515
912	chr19	42980570	42982670	chr19:43239764	0	+	chr19	43239764	43241859	2095	21508	1000	N/A	N/A	N/A	N/A	align_both/0013/both0069617	2103	6	11	2092	2033	59	38	21	0.971797	0.969018	0.0287466	0.0288084
912	chr19	42985442	42990455	chr19:42885147	0	+	chr19	42885147	42890149	5002	21495	1000	N/A	N/A	N/A	N/A	align_both/0013/both0069581	5032	20	49	4983	4748	235	159	76	0.95284	0.949031	0.0487083	0.0489297
14	chr19	42989224	42996830	chr19:43341516	0	+	chr19	43341516	43347958	6442	21509	1000	N/A	N/A	N/A	N/A	align_both/0013/both0069618	7677	24	1306	6371	6018	353	226	127	0.944593	0.941048	0.0575607	0.0578106
14	chr19	42989224	42996830	chr19:43385514	0	-	chr19	43385514	43391957	6443	21510	1000	N/A	N/A	N/A	N/A	align_both/0013/both0069619	7671	28	1293	6378	6042	336	201	135	0.947319	0.943178	0.0546228	0.0547901
913	chr19	42994404	43034169	chr19:42890127	0	+	chr19	42890127	42925625	35498	21496	1000	N/A	N/A	N/A	N/A	align_both/0013/both0069582	37492	121	2134	35358	33314	2044	1171	873	0.942191	0.938978	0.0601581	0.0603254
913	chr19	42996831	43034169	chr19:42705063	0	+	chr19	42705063	42754185	49122	21470	1000	N/A	N/A	N/A	N/A	align_both/0013/both0069532	49617	117	12774	36843	34869	1974	1141	833	0.946421	0.943425	0.0555888	0.0557369
913	chr19	43000037	43056463	chr19:43056509	0	+	chr19	43056509	43115691	59182	21511	1000	N/A	N/A	N/A	N/A	align_both/0013/both0069594	61396	130	7184	54212	51582	2630	1519	1111	0.951487	0.949211	0.0501534	0.0502728
913	chr19	43002947	43051127	chr19:43248456	0	+	chr19	43248456	43297469	49013	21512	1000	N/A	N/A	N/A	N/A	align_both/0013/both0069620	49332	155	3884	45448	42876	2572	1415	1157	0.943408	0.940201	0.0588411	0.0589721
913	chr19	43014963	43031939	chr19:42867948	0	+	chr19	42867948	42885149	17201	21492	1000	N/A	N/A	N/A	N/A	align_both/0013/both0069579	17262	41	347	16915	15890	1025	565	460	0.939403	0.937131	0.0631855	0.0633388
913	chr19	43014963	43049974	chr19:42754180	0	+	chr19	42754180	42799996	45816	21479	1000	N/A	N/A	N/A	N/A	align_both/0013/both0069537	45933	94	11039	34894	33114	1780	1030	750	0.948988	0.946439	0.0528293	0.0529634
913	chr19	43014963	43055456	chr19:43194187	0	+	chr19	43194187	43239761	45574	21513	1000	N/A	N/A	N/A	N/A	align_both/0013/both0069595	47388	136	8711	38677	36536	2141	1230	911	0.944644	0.941334	0.0575052	0.0576595
913	chr19	43014963	43056463	chr19:42925620	0	+	chr19	42925620	42960459	34839	21505	1000	N/A	N/A	N/A	N/A	align_both/0013/both0069589	36510	86	1832	34678	32807	1871	1070	801	0.946046	0.943706	0.0559926	0.0561355
913	chr19	43052653	43057391	chr19:42801131	0	+	chr19	42801131	42806365	5234	21481	1000	N/A	N/A	N/A	N/A	align_both/0013/both0069571	5250	13	528	4722	4439	283	166	117	0.940068	0.937487	0.0624625	0.0626645
913	chr19	43052831	43056463	chrX:7003885	0	+	chrX	7003885	7007502	3617	22229	1000	N/A	N/A	N/A	N/A	align_both/0013/both0069638	3641	11	33	3608	3467	141	89	52	0.96092	0.957999	0.0401348	0.040247
913	chr19	43056509	43064504	chr19:42895713	0	+	chr19	42895713	42902381	6668	21500	1000	N/A	N/A	N/A	N/A	align_both/0013/both0069584	8009	18	1355	6654	6326	328	183	145	0.950706	0.948142	0.0509882	0.0510927
913	chr19	43056509	43090233	chr19:42829270	0	+	chr19	42829270	42867945	38675	21488	1000	N/A	N/A	N/A	N/A	align_both/0013/both0069576	38906	87	5413	33493	31656	1837	1009	828	0.945153	0.942704	0.0569562	0.0570777
913	chr19	43056509	43090233	chr19:43159986	0	+	chr19	43159986	43194184	34198	21514	1000	N/A	N/A	N/A	N/A	align_both/0013/both0069596	34399	93	876	33523	31743	1780	995	785	0.946902	0.944282	0.0550712	0.0551948
913	chr19	43056509	43115691	chr19:43000037	0	+	chr19	43000037	43056463	56426	21511	1000	N/A	N/A	N/A	N/A	align_both/0013/both0069594	61396	130	7184	54212	51582	2630	1519	1111	0.951487	0.949211	0.0501534	0.0502728
913	chr19	43059406	43112049	chr19:43248458	0	+	chr19	43248458	43297619	49161	21515	1000	N/A	N/A	N/A	N/A	align_both/0013/both0069623	50945	146	2499	48446	45991	2455	1446	1009	0.949325	0.946473	0.0524682	0.0526117
913	chr19	43071547	43116175	chr19:42754180	0	+	chr19	42754180	42805412	51232	21478	1000	N/A	N/A	N/A	N/A	align_both/0013/both0069536	51436	123	7012	44424	42219	2205	1257	948	0.950365	0.947741	0.051354	0.0514718
114	chr19	43071547	43127048	chr19:42925620	0	+	chr19	42925620	42971779	46159	21504	1000	N/A	N/A	N/A	N/A	align_both/0013/both0069588	47967	123	2533	45434	43235	2199	1264	935	0.9516	0.949031	0.0500322	0.0501483
913	chr19	43077352	43114685	chr19:43200000	0	+	chr19	43200000	43239761	39761	21516	1000	N/A	N/A	N/A	N/A	align_both/0013/both0069625	40067	131	3040	37027	35061	1966	1163	803	0.946904	0.943565	0.0550696	0.0552313
114	chr19	43112064	43149206	chrX:7003885	0	+	chrX	7003885	7044785	40900	22230	1000	N/A	N/A	N/A	N/A	align_both/0013/both0069639	37423	97	620	36803	35395	1408	894	514	0.961742	0.959214	0.039268	0.039378
914	chr19	43133183	43194192	chr19:42973138	0	+	chr19	42973138	43034169	61031	21507	1000	N/A	N/A	N/A	N/A	align_both/0013/both0069593	61701	187	1362	60339	57176	3163	1853	1310	0.94758	0.944652	0.0543425	0.054493
914	chr19	43139603	43211041	chr19:42811012	0	+	chr19	42811012	42885149	74137	21482	1000	N/A	N/A	N/A	N/A	align_both/0013/both0069572	76957	213	8341	68616	64896	3720	2123	1597	0.945785	0.942858	0.0562741	0.0564171
914	chr19	43140284	43142581	chr19:43239764	0	+	chr19	43239764	43242055	2291	21517	1000	N/A	N/A	N/A	N/A	align_both/0013/both0069626	2301	4	14	2287	2206	81	44	37	0.964582	0.962898	0.0362811	0.0363266
914	chr19	43145415	43150618	chr19:42885147	0	+	chr19	42885147	42890334	5187	21494	1000	N/A	N/A	N/A	N/A	align_both/0013/both0069580	5212	13	34	5178	4927	251	165	86	0.951526	0.949143	0.0501118	0.050321
914	chr19	43149208	43156802	chr19:43385509	0	-	chr19	43385509	43391957	6448	21518	1000	N/A	N/A	N/A	N/A	align_both/0013/both0069627	7653	26	1264	6389	6081	308	201	107	0.951792	0.947935	0.049827	0.0500277
914	chr19	43149208	43156802	chr19:43341516	0	+	chr19	43341516	43347963	6447	21519	1000	N/A	N/A	N/A	N/A	align_both/0013/both0069628	7659	22	1277	6382	6060	322	218	104	0.949546	0.946284	0.0522317	0.0524878
114	chr19	43248456	43297469	chr19:43002947	0	+	chr19	43002947	43051127	48180	21512	1000	N/A	N/A	N/A	N/A	align_both/0013/both0069620	49332	155	3884	45448	42876	2572	1415	1157	0.943408	0.940201	0.0588411	0.0589721
114	chr19	43248458	43297619	chr19:43059406	0	+	chr19	43059406	43112049	52643	21515	1000	N/A	N/A	N/A	N/A	align_both/0013/both0069623	50945	146	2499	48446	45991	2455	1446	1009	0.949325	0.946473	0.0524682	0.0526117
915	chr19	43258049	43296315	chr19:42754180	0	+	chr19	42754180	42799996	45816	21480	1000	N/A	N/A	N/A	N/A	align_both/0013/both0069547	45939	110	7796	38143	36272	1871	1065	806	0.950948	0.948213	0.0507299	0.0508439
915	chr19	43258049	43297619	chr19:42925620	0	+	chr19	42925620	42956833	31213	21506	1000	N/A	N/A	N/A	N/A	align_both/0013/both0069611	31334	92	293	31041	29371	1670	937	733	0.9462	0.943404	0.055827	0.0559565
915	chr19	43258049	43297619	chr19:43194187	0	+	chr19	43194187	43237152	42965	21523	1000	N/A	N/A	N/A	N/A	align_both/0013/both0069632	43213	132	3891	39322	37484	1838	1051	787	0.953258	0.950068	0.0482623	0.0483675
915	chr19	43336250	43351972	chr19:43381509	0	-	chr19	43381509	43397766	16257	21524	1000	N/A	N/A	N/A	N/A	align_both/0013/both0069644	16421	57	863	15558	14872	686	449	237	0.955907	0.952418	0.0454424	0.0456105
915	chr19	43339077	43342280	chr19:43366767	0	+	chr19	43366767	43368936	2169	21525	1000	N/A	N/A	N/A	N/A	align_both/0013/both0069645	3222	13	1072	2150	1972	178	108	70	0.917209	0.911697	0.0877271	0.0882048
915	chr19	43341516	43346942	chr19:42820938	0	+	chr19	42820938	42826331	5393	21485	1000	N/A	N/A	N/A	N/A	align_both/0013/both0069600	5439	16	59	5380	5093	287	189	98	0.946654	0.943847	0.055338	0.0555964
915	chr19	43341516	43347958	chr19:42989224	0	+	chr19	42989224	42996830	7606	21509	1000	N/A	N/A	N/A	N/A	align_both/0013/both0069618	7677	24	1306	6371	6018	353	226	127	0.944593	0.941048	0.0575607	0.0578106
915	chr19	43341516	43347963	chr19:43149208	0	+	chr19	43149208	43156802	7594	21519	1000	N/A	N/A	N/A	N/A	align_both/0013/both0069628	7659	22	1277	6382	6060	322	218	104	0.949546	0.946284	0.0522317	0.0524878
915	chr19	43346741	43347963	chr19:42891323	0	+	chr19	42891323	42892543	1220	21499	1000	N/A	N/A	N/A	N/A	align_both/0013/both0069608	1239	9	36	1203	1123	80	53	27	0.9335	0.926568	0.0696354	0.0700615
915	chr19	43354470	43365854	chr19:43369081	0	-	chr19	43369081	43380285	11204	21526	1000	N/A	N/A	N/A	N/A	align_both/0013/both0069646	11520	13	452	11068	10857	211	123	88	0.980936	0.979785	0.0193104	0.0193283
915	chr19	43366767	43368382	chr19:43392045	0	-	chr19	43392045	43394349	2304	21527	1000	N/A	N/A	N/A	N/A	align_both/0013/both0069648	2306	3	693	1613	1539	74	52	22	0.954123	0.952352	0.0473404	0.0475819
915	chr19	43366767	43368936	chr19:43339077	0	+	chr19	43339077	43342280	3203	21525	1000	N/A	N/A	N/A	N/A	align_both/0013/both0069645	3222	13	1072	2150	1972	178	108	70	0.917209	0.911697	0.0877271	0.0882048
915	chr19	43369081	43380285	chr19:43354470	0	-	chr19	43354470	43365854	11384	21526	1000	N/A	N/A	N/A	N/A	align_both/0013/both0069646	11520	13	452	11068	10857	211	123	88	0.980936	0.979785	0.0193104	0.0193283
114	chr19	43381509	43397766	chr19:43336250	0	-	chr19	43336250	43351972	15722	21524	1000	N/A	N/A	N/A	N/A	align_both/0013/both0069644	16421	57	863	15558	14872	686	449	237	0.955907	0.952418	0.0454424	0.0456105
916	chr19	43392045	43394349	chr19:43366767	0	-	chr19	43366767	43368382	1615	21527	1000	N/A	N/A	N/A	N/A	align_both/0013/both0069648	2306	3	693	1613	1539	74	52	22	0.954123	0.952352	0.0473404	0.0475819
916	chr19	43400930	43404404	chr3:5178660	0	-	chr3	5178660	5180908	2248	21801	1000	N/A	N/A	N/A	N/A	align_both/0013/both0069652	3485	14	1248	2237	2112	125	80	45	0.944122	0.93825	0.0580695	0.0583236
923	chr19	44352768	44408031	chr2:132298262	0	-	chr2	132298262	132351404	53142	21651	1000	N/A	N/A	N/A	N/A	align_both/0013/both0069667	56504	213	4603	51901	49252	2649	1663	986	0.948961	0.945082	0.0528592	0.0530522
923	chr19	44352768	44408031	chr20:30531110	0	-	chr20	30531110	30584177	53067	21699	1000	N/A	N/A	N/A	N/A	align_both/0013/both0069666	56420	212	4510	51910	49260	2650	1647	1003	0.94895	0.94509	0.0528704	0.0530554
923	chr19	44386344	44400865	chr19:44460584	0	-	chr19	44460584	44473355	12771	21528	1000	N/A	N/A	N/A	N/A	align_both/0013/both0069665	14589	43	1886	12703	12059	644	429	215	0.949303	0.946101	0.0524915	0.0527342
923	chr19	44407781	44415245	chr19:44453410	0	-	chr19	44453410	44460838	7428	21529	1000	N/A	N/A	N/A	N/A	align_both/0013/both0069669	7519	23	146	7373	6918	455	249	206	0.938288	0.93537	0.064399	0.0645528
923	chr19	44407783	44416314	chr2:132282416	0	-	chr2	132282416	132290715	8299	21652	1000	N/A	N/A	N/A	N/A	align_both/0013/both0069719	8550	25	270	8280	7654	626	338	288	0.924396	0.921614	0.0796916	0.0799154
923	chr19	44407783	44416314	chr20:30515417	0	-	chr20	30515417	30523593	8176	21700	1000	N/A	N/A	N/A	N/A	align_both/0013/both0069684	8555	26	403	8152	7550	602	327	275	0.926153	0.923209	0.0777403	0.0779594
923	chr19	44408399	44413024	chr4:49511788	0	+	chr4	49511788	49516706	4918	21856	1000	N/A	N/A	N/A	N/A	align_both/0013/both0069731	4958	13	373	4585	4194	391	199	192	0.914722	0.912136	0.0905283	0.0907401
923	chr19	44408399	44416314	chr4:49320135	0	+	chr4	49320135	49329008	8873	21854	1000	N/A	N/A	N/A	N/A	align_both/0013/both0069729	8929	27	1070	7859	7150	709	355	354	0.909785	0.90667	0.0961194	0.096338
923	chr19	44408399	44416314	chr4:49293439	0	-	chr4	49293439	49301393	7954	21855	1000	N/A	N/A	N/A	N/A	align_both/0013/both0069730	8014	23	159	7855	7140	715	356	359	0.908975	0.906321	0.0970405	0.0972561
923	chr19	44408418	44412705	chr2:161280182	0	+	chr2	161280182	161282671	2489	21653	1000	N/A	N/A	N/A	N/A	align_both/0013/both0069724	4297	10	1818	2479	2302	177	102	75	0.9286	0.924869	0.0750308	0.075303
923	chr19	44408691	44413024	chr22:11817411	0	+	chr22	11817411	11821867	4456	21759	1000	N/A	N/A	N/A	N/A	align_both/0013/both0069700	4493	10	197	4296	3912	384	183	201	0.910615	0.9085	0.095177	0.095334
923	chr19	44408691	44413024	chr22:12170511	0	-	chr22	12170511	12174967	4456	21760	1000	N/A	N/A	N/A	N/A	align_both/0013/both0069711	4493	9	197	4296	3913	383	181	202	0.910847	0.908943	0.0949128	0.0950603
923	chr19	44409778	44413527	chr22:11813161	0	-	chr22	11813161	11817361	4200	21761	1000	N/A	N/A	N/A	N/A	align_both/0013/both0069701	4236	8	523	3713	3449	264	120	144	0.928898	0.926901	0.0747012	0.0747688
923	chr19	44409778	44413527	chr22:12175017	0	+	chr22	12175017	12178930	3913	21762	1000	N/A	N/A	N/A	N/A	align_both/0013/both0069712	3949	7	236	3713	3448	265	122	143	0.928629	0.926882	0.0749988	0.0750736
923	chr19	44410032	44413024	chr21:8808959	0	+	chr21	8808959	8812068	3109	21739	1000	N/A	N/A	N/A	N/A	align_both/0013/both0069691	3139	2	177	2962	2775	187	93	94	0.936867	0.936235	0.0659494	0.0660446
923	chr19	44410032	44413024	chr22:11700516	0	+	chr22	11700516	11703625	3109	21763	1000	N/A	N/A	N/A	N/A	align_both/0013/both0069702	3139	2	177	2962	2776	186	90	96	0.937205	0.936572	0.0655809	0.0656602
923	chr19	44412871	44416314	chr4:49510093	0	+	chr4	49510093	49513620	3527	21857	1000	N/A	N/A	N/A	N/A	align_both/0013/both0069732	3536	12	102	3434	3110	324	168	156	0.905649	0.902496	0.100835	0.101131
923	chr19	44412899	44416314	chr2:161278538	0	+	chr2	161278538	161281954	3416	21654	1000	N/A	N/A	N/A	N/A	align_both/0013/both0069725	3437	10	43	3394	3153	241	134	107	0.928992	0.926263	0.0745975	0.0748238
924	chr19	44453410	44455743	chr2:161278538	0	-	chr2	161278538	161280873	2335	21657	1000	N/A	N/A	N/A	N/A	align_both/0013/both0069727	2370	9	72	2298	2086	212	115	97	0.907746	0.904205	0.0984409	0.0987988
924	chr19	44453410	44460836	chr20:30516478	0	+	chr20	30516478	30523593	7115	21702	1000	N/A	N/A	N/A	N/A	align_both/0013/both0069687	7472	22	403	7069	6522	547	292	255	0.92262	0.919757	0.0816696	0.0818916
924	chr19	44453410	44460838	chr19:44407781	0	-	chr19	44407781	44415245	7464	21529	1000	N/A	N/A	N/A	N/A	align_both/0013/both0069669	7519	23	146	7373	6918	455	249	206	0.938288	0.93537	0.064399	0.0645528
924	chr19	44453410	44460873	chr2:132283473	0	+	chr2	132283473	132290751	7278	21656	1000	N/A	N/A	N/A	N/A	align_both/0013/both0069722	7493	24	245	7248	6688	560	294	266	0.922737	0.919692	0.0815387	0.081741
924	chr19	44453423	44460202	chr4:49320135	0	-	chr4	49320135	49327877	7742	21858	1000	N/A	N/A	N/A	N/A	align_both/0013/both0069733	7782	21	1043	6739	6140	599	306	293	0.911114	0.908284	0.0946097	0.0948473
924	chr19	44453423	44460202	chr4:49288398	0	+	chr4	49288398	49295257	6859	21859	1000	N/A	N/A	N/A	N/A	align_both/0013/both0069734	6902	22	166	6736	6125	611	315	296	0.909293	0.906333	0.0966785	0.0969404
924	chr19	44455151	44458836	chr22:11813161	0	+	chr22	11813161	11817361	4200	21767	1000	N/A	N/A	N/A	N/A	align_both/0013/both0069707	4208	6	531	3677	3391	286	142	144	0.922219	0.920717	0.0821165	0.0822655
924	chr19	44455151	44458836	chr22:12175017	0	-	chr22	12175017	12178930	3913	21768	1000	N/A	N/A	N/A	N/A	align_both/0013/both0069716	3921	6	244	3677	3396	281	145	136	0.923579	0.922074	0.0806009	0.0807803
924	chr19	44455614	44458583	chr21:8808959	0	-	chr21	8808959	8812072	3113	21741	1000	N/A	N/A	N/A	N/A	align_both/0013/both0069697	3116	2	150	2966	2776	190	109	81	0.935941	0.93531	0.0669616	0.0671718
924	chr19	44455614	44458583	chr22:11700516	0	-	chr22	11700516	11703629	3113	21769	1000	N/A	N/A	N/A	N/A	align_both/0013/both0069708	3116	2	150	2966	2777	189	106	83	0.936278	0.935647	0.066593	0.0667794
924	chr19	44455617	44459929	chr22:11817394	0	-	chr22	11817394	11821868	4474	21770	1000	N/A	N/A	N/A	N/A	align_both/0013/both0069709	4484	10	182	4302	3943	359	178	181	0.91655	0.914425	0.088468	0.0886409
924	chr19	44455617	44459929	chr22:12170510	0	+	chr22	12170510	12174984	4474	21771	1000	N/A	N/A	N/A	N/A	align_both/0013/both0069717	4484	10	182	4302	3950	352	177	175	0.918178	0.916048	0.0866394	0.0868194
924	chr19	44455617	44460202	chr4:49511788	0	-	chr4	49511788	49516707	4919	21860	1000	N/A	N/A	N/A	N/A	align_both/0013/both0069736	4930	12	356	4574	4224	350	189	161	0.923481	0.921064	0.0807106	0.0809406
924	chr19	44455937	44460178	chr2:161280187	0	-	chr2	161280187	161282671	2484	21658	1000	N/A	N/A	N/A	N/A	align_both/0013/both0069728	4258	8	1791	2467	2330	137	81	56	0.944467	0.941414	0.0576965	0.0578741
924	chr19	44458043	44460202	chr21:8806024	0	+	chr21	8806024	8808204	2180	21742	1000	N/A	N/A	N/A	N/A	align_both/0013/both0069698	2189	7	39	2150	1982	168	85	83	0.92186	0.918869	0.0825169	0.0826853
924	chr19	44458043	44460202	chr22:11697577	0	+	chr22	11697577	11699761	2184	21772	1000	N/A	N/A	N/A	N/A	align_both/0013/both0069710	2193	8	43	2150	1982	168	87	81	0.92186	0.918443	0.0825169	0.0827092
924	chr19	44460577	44473343	chr20:30538350	0	+	chr20	30538350	30551583	13233	21703	1000	N/A	N/A	N/A	N/A	align_both/0013/both0069688	13298	51	597	12701	11878	823	513	310	0.935202	0.931462	0.0677697	0.0680828
924	chr19	44460584	44473355	chr19:44386344	0	-	chr19	44386344	44400865	14521	21528	1000	N/A	N/A	N/A	N/A	align_both/0013/both0069665	14589	43	1886	12703	12059	644	429	215	0.949303	0.946101	0.0524915	0.0527342
924	chr19	44460584	44473355	chr2:132305506	0	+	chr2	132305506	132318863	13357	21659	1000	N/A	N/A	N/A	N/A	align_both/0013/both0069723	13427	54	726	12701	11876	825	516	309	0.935044	0.931086	0.0679421	0.0682615
937	chr19	46195629	46196673	chr19:46261137	0	-	chr19	46261137	46262181	1044	21531	1000	N/A	N/A	N/A	N/A	align_both/0013/both0069773	1045	2	2	1043	988	55	42	13	0.947267	0.945455	0.0546781	0.055118
937	chr19	46213817	46216419	chr19:46232974	0	+	chr19	46232974	46235575	2601	21532	1000	N/A	N/A	N/A	N/A	align_both/0013/both0069775	2631	16	59	2572	2411	161	99	62	0.937403	0.931607	0.0653646	0.0656385
937	chr19	46232974	46235575	chr19:46213817	0	+	chr19	46213817	46216419	2602	21532	1000	N/A	N/A	N/A	N/A	align_both/0013/both0069775	2631	16	59	2572	2411	161	99	62	0.937403	0.931607	0.0653646	0.0656385
937	chr19	46261137	46262181	chr19:46195629	0	-	chr19	46195629	46196673	1044	21531	1000	N/A	N/A	N/A	N/A	align_both/0013/both0069773	1045	2	2	1043	988	55	42	13	0.947267	0.945455	0.0546781	0.055118
938	chr19	46375375	46376703	chr19:46525533	0	-	chr19	46525533	46527299	1766	21533	1000	N/A	N/A	N/A	N/A	align_both/0013/both0069777	1777	5	460	1317	1192	125	83	42	0.905087	0.901664	0.101479	0.102425
939	chr19	46525533	46527299	chr19:46375375	0	-	chr19	46375375	46376703	1328	21533	1000	N/A	N/A	N/A	N/A	align_both/0013/both0069777	1777	5	460	1317	1192	125	83	42	0.905087	0.901664	0.101479	0.102425
940	chr19	46558680	46559828	chr12:6536510	0	+	chr12	6536510	6538355	1845	8158	1000	N/A	N/A	N/A	N/A	align_both/0003/both0017284	1848	10	703	1145	1043	102	79	23	0.910917	0.90303	0.0948337	0.0962853
946	chr19	47365221	47367359	chr3:190874717	0	+	chr3	190874717	190876852	2135	21803	1000	N/A	N/A	N/A	N/A	align_both/0013/both0069843	2146	7	19	2127	2087	40	30	10	0.981194	0.977976	0.0190456	0.0190938
119	chr19	49015699	49022731	chr19:49053652	0	+	chr19	49053652	49060685	7033	21538	1000	N/A	N/A	N/A	N/A	align_both/0013/both0069925	7432	35	799	6633	6026	607	339	268	0.908488	0.903719	0.0975953	0.0980022
958	chr19	49015704	49017090	chr19:49032127	0	-	chr19	49032127	49033813	1686	21540	1000	N/A	N/A	N/A	N/A	align_both/0013/both0069927	1691	6	310	1381	1287	94	54	40	0.931933	0.927902	0.0713559	0.0715975
958	chr19	49015704	49017802	chr19:49047060	0	+	chr19	49047060	49049464	2404	21539	1000	N/A	N/A	N/A	N/A	align_both/0013/both0069926	2407	7	312	2095	1941	154	90	64	0.926492	0.923406	0.0773648	0.0776748
958	chr19	49015846	49017802	chr19:49022735	0	+	chr19	49022735	49024696	1961	21541	1000	N/A	N/A	N/A	N/A	align_both/0013/both0069928	1963	6	9	1954	1820	134	77	57	0.931423	0.928571	0.0719178	0.0721636
958	chr19	49015891	49017090	chr19:49035482	0	+	chr19	49035482	49036679	1197	21543	1000	N/A	N/A	N/A	N/A	align_both/0013/both0069930	1201	4	6	1195	1119	76	48	28	0.936402	0.933278	0.0664577	0.0667756
958	chr19	49015891	49017802	chr19:49043483	0	-	chr19	49043483	49045399	1916	21542	1000	N/A	N/A	N/A	N/A	align_both/0013/both0069929	1918	6	9	1909	1775	134	81	53	0.929806	0.926893	0.0736991	0.0740254
959	chr19	49022557	49024693	chr19:49054033	0	+	chr19	49054033	49056098	2065	21544	1000	N/A	N/A	N/A	N/A	align_both/0013/both0069931	2137	4	73	2064	1975	89	55	34	0.95688	0.955029	0.0444094	0.0445355
959	chr19	49022735	49024696	chr19:49015846	0	+	chr19	49015846	49017802	1956	21541	1000	N/A	N/A	N/A	N/A	align_both/0013/both0069928	1963	6	9	1954	1820	134	77	57	0.931423	0.928571	0.0719178	0.0721636
959	chr19	49022779	49045400	chr19:49022779	0	-	chr19	49022779	49045400	22621	21545	1000	N/A	N/A	N/A	N/A	align_both/0013/both0069932	24022	66	2802	21220	20250	970	539	431	0.954288	0.95133	0.0471639	0.0472512
959	chr19	49047060	49049464	chr19:49015704	0	+	chr19	49015704	49017802	2098	21539	1000	N/A	N/A	N/A	N/A	align_both/0013/both0069926	2407	7	312	2095	1941	154	90	64	0.926492	0.923406	0.0773648	0.0776748
959	chr19	49051406	49055384	chr19:49032127	0	-	chr19	49032127	49035426	3299	21546	1000	N/A	N/A	N/A	N/A	align_both/0013/both0069935	3995	12	713	3282	3083	199	110	89	0.939366	0.935944	0.0632254	0.0633811
959	chr19	49053652	49060685	chr19:49015699	0	+	chr19	49015699	49022731	7032	21538	1000	N/A	N/A	N/A	N/A	align_both/0013/both0069925	7432	35	799	6633	6026	607	339	268	0.908488	0.903719	0.0975953	0.0980022
959	chr19	49054033	49056098	chr19:49022557	0	+	chr19	49022557	49024693	2136	21544	1000	N/A	N/A	N/A	N/A	align_both/0013/both0069931	2137	4	73	2064	1975	89	55	34	0.95688	0.955029	0.0444094	0.0445355
959	chr19	49054126	49055384	chr19:49035424	0	+	chr19	49035424	49036679	1255	21547	1000	N/A	N/A	N/A	N/A	align_both/0013/both0069937	1258	2	3	1255	1217	38	21	17	0.969721	0.968178	0.0309071	0.0309428
966	chr19	49958305	49960766	chr19:51414843	0	+	chr19	51414843	51417296	2453	21548	1000	N/A	N/A	N/A	N/A	align_both/0013/both0069998	2475	8	36	2439	2294	145	100	45	0.940549	0.937474	0.0619393	0.0623305
966	chr19	49969980	49972369	chr19:51414909	0	-	chr19	51414909	51417296	2387	21549	1000	N/A	N/A	N/A	N/A	align_both/0013/both0069999	2409	11	42	2367	2205	162	106	56	0.931559	0.92725	0.0717679	0.0721995
967	chr19	50074454	50090966	chr19:50608569	0	-	chr19	50608569	50623425	14856	21550	1000	N/A	N/A	N/A	N/A	align_both/0014/both0070013	16660	39	1952	14708	14421	287	206	81	0.980487	0.977894	0.0197715	0.0198158
971	chr19	50608569	50623425	chr19:50074454	0	-	chr19	50074454	50090966	16512	21550	1000	N/A	N/A	N/A	N/A	align_both/0014/both0070013	16660	39	1952	14708	14421	287	206	81	0.980487	0.977894	0.0197715	0.0198158
974	chr19	51097964	51099441	chr19:51600910	0	-	chr19	51600910	51602343	1433	21553	1000	N/A	N/A	N/A	N/A	align_both/0014/both0070070	1482	9	54	1428	1339	89	52	37	0.937675	0.931802	0.0650676	0.0652834
975	chr19	51182331	51183556	chr19:51463248	0	-	chr19	51463248	51464460	1212	21554	1000	N/A	N/A	N/A	N/A	align_both/0014/both0070067	1232	3	27	1205	1149	56	35	21	0.953527	0.951159	0.0479752	0.0481304
975	chr19	51210633	51212109	chr19:51224645	0	+	chr19	51224645	51226120	1475	21555	1000	N/A	N/A	N/A	N/A	align_both/0014/both0070130	1479	4	7	1472	1335	137	89	48	0.906929	0.904472	0.0993726	0.100202
975	chr19	51224645	51226120	chr19:51210633	0	+	chr19	51210633	51212109	1476	21555	1000	N/A	N/A	N/A	N/A	align_both/0014/both0070130	1479	4	7	1472	1335	137	89	48	0.906929	0.904472	0.0993726	0.100202
977	chr19	51414843	51417296	chr19:49958305	0	+	chr19	49958305	49960766	2461	21548	1000	N/A	N/A	N/A	N/A	align_both/0013/both0069998	2475	8	36	2439	2294	145	100	45	0.940549	0.937474	0.0619393	0.0623305
977	chr19	51414909	51417296	chr19:49969980	0	-	chr19	49969980	49972369	2389	21549	1000	N/A	N/A	N/A	N/A	align_both/0013/both0069999	2409	11	42	2367	2205	162	106	56	0.931559	0.92725	0.0717679	0.0721995
977	chr19	51443081	51444148	chr6:75775161	0	-	chr6	75775161	75776223	1062	21922	1000	N/A	N/A	N/A	N/A	align_both/0014/both0070139	1069	3	9	1060	1003	57	39	18	0.946226	0.943556	0.0557987	0.0561045
978	chr19	51600910	51602343	chr19:51097964	0	-	chr19	51097964	51099441	1477	21553	1000	N/A	N/A	N/A	N/A	align_both/0014/both0070070	1482	9	54	1428	1339	89	52	37	0.937675	0.931802	0.0650676	0.0652834
978	chr19	51629275	51630583	chr19:51645699	0	+	chr19	51645699	51647007	1308	21556	1000	N/A	N/A	N/A	N/A	align_both/0014/both0070141	1308	0	0	1308	1299	9	4	5	0.993119	0.993119	0.00691249	0.00691294
979	chr19	51645699	51647007	chr19:51629275	0	+	chr19	51629275	51630583	1308	21556	1000	N/A	N/A	N/A	N/A	align_both/0014/both0070141	1308	0	0	1308	1299	9	4	5	0.993119	0.993119	0.00691249	0.00691294
981	chr19	52015577	52018494	chr11:98564824	0	+	chr11	98564824	98566815	1991	6814	1000	N/A	N/A	N/A	N/A	align_both/0003/both0015888	2920	10	932	1988	1866	122	81	41	0.938632	0.933934	0.0640249	0.0643859
982	chr19	52108241	52110361	chr21:33449073	0	+	chr21	33449073	33450863	1790	21743	1000	N/A	N/A	N/A	N/A	align_both/0014/both0070252	2146	21	382	1764	1600	164	112	52	0.907029	0.896359	0.0992582	0.100267
985	chr19	52486478	52515773	chr19:52528521	0	+	chr19	52528521	52558079	29558	21557	1000	N/A	N/A	N/A	N/A	align_both/0014/both0070272	35137	140	11421	23716	21636	2080	1149	931	0.912296	0.906942	0.093271	0.0936212
985	chr19	52528521	52558079	chr19:52486478	0	+	chr19	52486478	52515773	29295	21557	1000	N/A	N/A	N/A	N/A	align_both/0014/both0070272	35137	140	11421	23716	21636	2080	1149	931	0.912296	0.906942	0.093271	0.0936212
986	chr19	52586930	52588762	chr19:52873842	0	-	chr19	52873842	52875368	1526	21558	1000	N/A	N/A	N/A	N/A	align_both/0014/both0070405	1837	6	316	1521	1370	151	96	55	0.900723	0.897184	0.106492	0.107371
986	chr19	52634411	52635584	chr19:53446784	0	-	chr19	53446784	53447934	1150	21559	1000	N/A	N/A	N/A	N/A	align_both/0014/both0070614	1188	7	53	1135	1022	113	64	49	0.900441	0.894921	0.106818	0.107345
986	chr19	52643735	52645491	chr19:53442887	0	-	chr19	53442887	53446154	3267	21560	1000	N/A	N/A	N/A	N/A	align_both/0014/both0070625	3403	10	1783	1620	1471	149	95	54	0.908025	0.902454	0.0981231	0.0988709
987	chr19	52695059	52717525	chr19:52757221	0	+	chr19	52757221	52780517	23296	21561	1000	N/A	N/A	N/A	N/A	align_both/0014/both0070310	26210	104	6658	19552	17997	1555	921	634	0.920469	0.915598	0.0840724	0.0844646
987	chr19	52757221	52780517	chr19:52695059	0	+	chr19	52695059	52717525	22466	21561	1000	N/A	N/A	N/A	N/A	align_both/0014/both0070310	26210	104	6658	19552	17997	1555	921	634	0.920469	0.915598	0.0840724	0.0844646
987	chr19	52787890	52789451	chr19:52980462	0	+	chr19	52980462	52982011	1549	21563	1000	N/A	N/A	N/A	N/A	align_both/0014/both0070539	1573	11	36	1537	1387	150	89	61	0.902407	0.895995	0.104553	0.10518
987	chr19	52787966	52789389	chr19:52873622	0	+	chr19	52873622	52875044	1422	21564	1000	N/A	N/A	N/A	N/A	align_both/0014/both0070541	1428	9	11	1417	1297	120	75	45	0.915314	0.909537	0.0898605	0.0904319
987	chr19	52800506	52809658	chr19:52840871	0	+	chr19	52840871	52850750	9879	21565	1000	N/A	N/A	N/A	N/A	align_both/0014/both0070720	10404	50	1777	8627	7806	821	514	307	0.904834	0.89962	0.101769	0.102517
987	chr19	52809895	52814008	chrX:71419231	0	-	chrX	71419231	71420929	1698	22235	1000	N/A	N/A	N/A	N/A	align_both/0014/both0070960	4168	19	2525	1643	1501	142	88	54	0.913573	0.903129	0.0918261	0.0924027
123	chr19	52814272	52823515	chr19:52850954	0	+	chr19	52850954	52860211	9257	21566	1000	N/A	N/A	N/A	N/A	align_both/0014/both0070723	10513	55	2526	7987	7440	547	339	208	0.931514	0.925143	0.0718176	0.0721623
988	chr19	52833114	52834616	chr19:52715414	0	+	chr19	52715414	52717044	1630	21562	1000	N/A	N/A	N/A	N/A	align_both/0014/both0070493	1650	8	168	1482	1357	125	82	43	0.915655	0.910738	0.0894768	0.0901686
988	chr19	52840871	52850750	chr19:52800506	0	+	chr19	52800506	52809658	9152	21565	1000	N/A	N/A	N/A	N/A	align_both/0014/both0070720	10404	50	1777	8627	7806	821	514	307	0.904834	0.89962	0.101769	0.102517
988	chr19	52850954	52860211	chr19:52814272	0	+	chr19	52814272	52823515	9243	21566	1000	N/A	N/A	N/A	N/A	align_both/0014/both0070723	10513	55	2526	7987	7440	547	339	208	0.931514	0.925143	0.0718176	0.0721623
988	chr19	52871901	52876428	chr19:52980104	0	+	chr19	52980104	52983941	3837	21567	1000	N/A	N/A	N/A	N/A	align_both/0014/both0070747	5183	20	2002	3181	2868	313	196	117	0.901603	0.89597	0.105478	0.106286
988	chr19	52937053	52944272	chr19:53332386	0	-	chr19	53332386	53338821	6435	21569	1000	N/A	N/A	N/A	N/A	align_both/0014/both0070846	7294	45	934	6360	5789	571	368	203	0.91022	0.903825	0.0956249	0.0963653
988	chr19	52947458	52949746	chr19:53329451	0	-	chr19	53329451	53331129	1678	21570	1000	N/A	N/A	N/A	N/A	align_both/0014/both0070853	2327	17	688	1639	1485	154	104	50	0.90604	0.896739	0.100388	0.101378
989	chr19	52980104	52983941	chr19:52871901	0	+	chr19	52871901	52876428	4527	21567	1000	N/A	N/A	N/A	N/A	align_both/0014/both0070747	5183	20	2002	3181	2868	313	196	117	0.901603	0.89597	0.105478	0.106286
989	chr19	52980320	52981417	chr19:52955454	0	+	chr19	52955454	52956544	1090	21571	1000	N/A	N/A	N/A	N/A	align_both/0014/both0070769	1101	5	15	1086	986	100	60	40	0.907919	0.903758	0.0982436	0.0988209
989	chr19	52980462	52982011	chr19:52787890	0	+	chr19	52787890	52789451	1561	21563	1000	N/A	N/A	N/A	N/A	align_both/0014/both0070539	1573	11	36	1537	1387	150	89	61	0.902407	0.895995	0.104553	0.10518
991	chr19	53265769	53275050	chr19:53310331	0	-	chr19	53310331	53317149	6818	21572	1000	N/A	N/A	N/A	N/A	align_both/0014/both0070965	9446	38	2793	6653	6214	439	287	152	0.934015	0.92871	0.0690703	0.0694675
991	chr19	53277817	53286591	chr19:53297444	0	-	chr19	53297444	53305881	8437	21573	1000	N/A	N/A	N/A	N/A	align_both/0014/both0070966	8874	33	537	8337	7952	385	247	138	0.95382	0.95006	0.0476626	0.0478334
991	chr19	53297444	53305881	chr19:53277817	0	-	chr19	53277817	53286591	8774	21573	1000	N/A	N/A	N/A	N/A	align_both/0014/both0070966	8874	33	537	8337	7952	385	247	138	0.95382	0.95006	0.0476626	0.0478334
991	chr19	53310331	53317149	chr19:53265769	0	-	chr19	53265769	53275050	9281	21572	1000	N/A	N/A	N/A	N/A	align_both/0014/both0070965	9446	38	2793	6653	6214	439	287	152	0.934015	0.92871	0.0690703	0.0694675
991	chr19	53329451	53331129	chr19:52947458	0	-	chr19	52947458	52949746	2288	21570	1000	N/A	N/A	N/A	N/A	align_both/0014/both0070853	2327	17	688	1639	1485	154	104	50	0.90604	0.896739	0.100388	0.101378
991	chr19	53332386	53338821	chr19:52937053	0	-	chr19	52937053	52944272	7219	21569	1000	N/A	N/A	N/A	N/A	align_both/0014/both0070846	7294	45	934	6360	5789	571	368	203	0.91022	0.903825	0.0956249	0.0963653
992	chr19	53364790	53369365	chr19:53431091	0	+	chr19	53431091	53435427	4336	21574	1000	N/A	N/A	N/A	N/A	align_both/0014/both0070979	4667	40	423	4244	3841	403	248	155	0.905042	0.896592	0.10153	0.102222
992	chr19	53364964	53369357	chr19:53467013	0	+	chr19	53467013	53472727	5714	21575	1000	N/A	N/A	N/A	N/A	align_both/0014/both0070980	5802	34	1497	4305	3902	403	237	166	0.906388	0.899286	0.0999909	0.100538
992	chr19	53383126	53384762	chr3:31990415	0	+	chr3	31990415	31991714	1299	21806	1000	N/A	N/A	N/A	N/A	align_both/0014/both0071065	1649	9	363	1286	1159	127	75	52	0.901244	0.894981	0.105891	0.106522
992	chr19	53392861	53397385	chr19:53429817	0	+	chr19	53429817	53434152	4335	21576	1000	N/A	N/A	N/A	N/A	align_both/0014/both0070984	4599	38	339	4260	3837	423	248	175	0.900704	0.892741	0.106514	0.107131
992	chr19	53397394	53398709	chr19:52889563	0	-	chr19	52889563	52890876	1313	21568	1000	N/A	N/A	N/A	N/A	align_both/0014/both0070825	1318	5	8	1310	1180	130	87	43	0.900763	0.897338	0.106445	0.107526
992	chr19	53397398	53412672	chr19:53446668	0	+	chr19	53446668	53458910	12242	21577	1000	N/A	N/A	N/A	N/A	align_both/0014/both0070986	15380	79	3244	12136	11075	1061	612	449	0.912574	0.906672	0.0929555	0.0933843
992	chr19	53417120	53418662	chr19:53500646	0	-	chr19	53500646	53501935	1289	21578	1000	N/A	N/A	N/A	N/A	align_both/0014/both0070988	1545	5	259	1286	1182	104	66	38	0.919129	0.915569	0.0855722	0.0861219
992	chr19	53421822	53425965	chr19:53502112	0	+	chr19	53502112	53505852	3740	21579	1000	N/A	N/A	N/A	N/A	align_both/0014/both0070989	4489	12	1095	3394	3192	202	128	74	0.940483	0.93717	0.0620112	0.0622904
992	chr19	53426019	53429018	chr19:53512125	0	+	chr19	53512125	53515439	3314	21580	1000	N/A	N/A	N/A	N/A	align_both/0014/both0070990	3319	8	325	2994	2883	111	76	35	0.962926	0.96036	0.0380218	0.0381614
992	chr19	53429817	53434152	chr19:53392861	0	+	chr19	53392861	53397385	4524	21576	1000	N/A	N/A	N/A	N/A	align_both/0014/both0070984	4599	38	339	4260	3837	423	248	175	0.900704	0.892741	0.106514	0.107131
992	chr19	53430115	53458712	chr19:53465875	0	+	chr19	53465875	53494222	28347	21581	1000	N/A	N/A	N/A	N/A	align_both/0014/both0070991	31782	171	6620	25162	22809	2353	1426	927	0.906486	0.900367	0.0998789	0.100504
992	chr19	53431091	53435427	chr19:53364790	0	+	chr19	53364790	53369365	4575	21574	1000	N/A	N/A	N/A	N/A	align_both/0014/both0070979	4667	40	423	4244	3841	403	248	155	0.905042	0.896592	0.10153	0.102222
992	chr19	53441794	53442876	chr15:36613403	0	+	chr15	36613403	36614469	1066	13090	1000	N/A	N/A	N/A	N/A	align_both/0008/both0041116	1084	7	20	1064	975	89	58	31	0.916353	0.910364	0.0886898	0.0893509
992	chr19	53441794	53442880	chr16:52655235	0	+	chr16	52655235	52656323	1088	16005	1000	N/A	N/A	N/A	N/A	align_both/0010/both0052647	1088	1	2	1086	1001	85	57	28	0.921731	0.920883	0.0826613	0.0833008
992	chr19	53441794	53442880	chr19:41506083	0	+	chr19	41506083	41507184	1101	21468	1000	N/A	N/A	N/A	N/A	align_both/0013/both0069390	1104	4	21	1083	1008	75	46	29	0.930748	0.927323	0.0726608	0.0729985
992	chr19	53441826	53442868	chr7:116971904	0	-	chr7	116971904	116972947	1043	21975	1000	N/A	N/A	N/A	N/A	align_both/0014/both0071104	1044	2	3	1041	943	98	56	42	0.90586	0.904123	0.100595	0.101079
992	chr19	53441833	53442868	chr2:25809679	0	-	chr2	25809679	25810685	1006	21661	1000	N/A	N/A	N/A	N/A	align_both/0014/both0071043	1036	5	31	1005	909	96	65	31	0.904478	0.9	0.102177	0.103214
992	chr19	53441840	53442868	chr7:27023715	0	+	chr7	27023715	27025170	1455	21976	1000	N/A	N/A	N/A	N/A	align_both/0014/both0071099	1458	4	433	1025	927	98	62	36	0.90439	0.900875	0.102277	0.103067
992	chr19	53441840	53442880	chr2:230572891	0	-	chr2	230572891	230573933	1042	21662	1000	N/A	N/A	N/A	N/A	align_both/0014/both0071057	1042	1	2	1040	961	79	48	31	0.924038	0.923151	0.0800895	0.0804866
992	chr19	53442887	53446154	chr19:52643735	0	-	chr19	52643735	52645491	1756	21560	1000	N/A	N/A	N/A	N/A	align_both/0014/both0070625	3403	10	1783	1620	1471	149	95	54	0.908025	0.902454	0.0981231	0.0988709
992	chr19	53446668	53458910	chr19:53397398	0	+	chr19	53397398	53412672	15274	21577	1000	N/A	N/A	N/A	N/A	align_both/0014/both0070986	15380	79	3244	12136	11075	1061	612	449	0.912574	0.906672	0.0929555	0.0933843
992	chr19	53446784	53447934	chr19:52634411	0	-	chr19	52634411	52635584	1173	21559	1000	N/A	N/A	N/A	N/A	align_both/0014/both0070614	1188	7	53	1135	1022	113	64	49	0.900441	0.894921	0.106818	0.107345
15	chr19	53465875	53494222	chr19:53430115	0	+	chr19	53430115	53458712	28597	21581	1000	N/A	N/A	N/A	N/A	align_both/0014/both0070991	31782	171	6620	25162	22809	2353	1426	927	0.906486	0.900367	0.0998789	0.100504
992	chr19	53467013	53472727	chr19:53364964	0	+	chr19	53364964	53369357	4393	21575	1000	N/A	N/A	N/A	N/A	align_both/0014/both0070980	5802	34	1497	4305	3902	403	237	166	0.906388	0.899286	0.0999909	0.100538
993	chr19	53479279	53480365	chr15:36613401	0	+	chr15	36613401	36614477	1076	13088	1000	N/A	N/A	N/A	N/A	align_both/0008/both0041115	1094	9	26	1068	985	83	58	25	0.922285	0.914578	0.0820435	0.0827817
993	chr19	53479281	53480365	chr16:52655235	0	+	chr16	52655235	52656327	1092	16004	1000	N/A	N/A	N/A	N/A	align_both/0010/both0052646	1092	3	8	1084	1002	82	60	22	0.924354	0.921803	0.0797382	0.0805633
993	chr19	53479281	53480365	chr19:41506083	0	+	chr19	41506083	41507188	1105	21467	1000	N/A	N/A	N/A	N/A	align_both/0013/both0069389	1108	6	27	1081	1008	73	50	23	0.93247	0.927323	0.070766	0.0712683
993	chr19	53479304	53480365	chr2:230572887	0	-	chr2	230572887	230573956	1069	21663	1000	N/A	N/A	N/A	N/A	align_both/0014/both0071058	1069	3	8	1061	975	86	59	27	0.918944	0.916353	0.0857792	0.0865344
993	chr19	53479305	53480339	chr2:25809692	0	-	chr2	25809692	25810700	1008	21664	1000	N/A	N/A	N/A	N/A	align_both/0014/both0071044	1038	6	34	1004	907	97	68	29	0.903386	0.89802	0.103428	0.104644
993	chr19	53479327	53480339	chr7:27023715	0	+	chr7	27023715	27025157	1442	21977	1000	N/A	N/A	N/A	N/A	align_both/0014/both0071100	1445	5	436	1009	910	99	65	34	0.901883	0.897436	0.105156	0.106132
993	chr19	53500646	53501935	chr19:53417120	0	-	chr19	53417120	53418662	1542	21578	1000	N/A	N/A	N/A	N/A	align_both/0014/both0070988	1545	5	259	1286	1182	104	66	38	0.919129	0.915569	0.0855722	0.0861219
993	chr19	53502112	53505852	chr19:53421822	0	+	chr19	53421822	53425965	4143	21579	1000	N/A	N/A	N/A	N/A	align_both/0014/both0070989	4489	12	1095	3394	3192	202	128	74	0.940483	0.93717	0.0620112	0.0622904
993	chr19	53512125	53515439	chr19:53426019	0	+	chr19	53426019	53429018	2999	21580	1000	N/A	N/A	N/A	N/A	align_both/0014/both0070990	3319	8	325	2994	2883	111	76	35	0.962926	0.96036	0.0380218	0.0381614
994	chr19	53616786	53618445	chr6:158841139	0	-	chr6	158841139	158842187	1048	21923	1000	N/A	N/A	N/A	N/A	align_both/0014/both0071190	1663	10	619	1044	948	96	57	39	0.908046	0.899431	0.0980988	0.0986479
994	chr19	53665825	53667078	chr19:53668213	0	+	chr19	53668213	53669562	1349	21582	1000	N/A	N/A	N/A	N/A	align_both/0014/both0071123	1351	3	100	1251	1213	38	25	13	0.969624	0.967305	0.031008	0.0310866
994	chr19	53668213	53669562	chr19:53665825	0	+	chr19	53665825	53667078	1253	21582	1000	N/A	N/A	N/A	N/A	align_both/0014/both0071123	1351	3	100	1251	1213	38	25	13	0.969624	0.967305	0.031008	0.0310866
995	chr19	53771488	53773279	chr9:98607106	0	-	chr9	98607106	98609146	2040	22151	1000	N/A	N/A	N/A	N/A	align_both/0014/both0071197	2109	19	387	1722	1562	160	90	70	0.907085	0.897186	0.0991951	0.0996313
995	chr19	53771493	53772544	chr7:35973622	0	-	chr7	35973622	35974692	1070	21978	1000	N/A	N/A	N/A	N/A	align_both/0014/both0071191	1078	10	35	1043	971	72	44	28	0.930968	0.922127	0.072418	0.0727481
995	chr19	53771493	53772544	chr7:35904251	0	-	chr7	35904251	35905307	1056	21979	1000	N/A	N/A	N/A	N/A	align_both/0014/both0071192	1066	8	25	1041	986	55	28	27	0.947166	0.939943	0.054787	0.0548614
995	chr19	53772142	53773275	chr7:152367630	0	-	chr7	152367630	152369020	1390	21980	1000	N/A	N/A	N/A	N/A	align_both/0014/both0071195	1440	7	357	1083	975	108	61	47	0.900277	0.894495	0.107006	0.107529
996	chr19	53919313	53921819	chr19:53921819	0	+	chr19	53921819	53925342	3523	21583	1000	N/A	N/A	N/A	N/A	align_both/0014/both0071170	3527	43	1025	2502	2344	158	89	69	0.936851	0.921022	0.0659674	0.066154
996	chr19	53921819	53925342	chr19:53919313	0	+	chr19	53919313	53921819	2506	21583	1000	N/A	N/A	N/A	N/A	align_both/0014/both0071170	3527	43	1025	2502	2344	158	89	69	0.936851	0.921022	0.0659674	0.066154
998	chr19	54219877	54225093	chr19:54239621	0	+	chr19	54239621	54244927	5306	21584	1000	N/A	N/A	N/A	N/A	align_both/0014/both0071203	5309	11	96	5213	5064	149	101	48	0.971418	0.969372	0.0291413	0.0292193
998	chr19	54220476	54223554	chr19:54695857	0	-	chr19	54695857	54698548	2691	21585	1000	N/A	N/A	N/A	N/A	align_both/0014/both0071218	3091	14	413	2678	2427	251	152	99	0.906273	0.90156	0.100122	0.100748
998	chr19	54222075	54223127	chr19:54662883	0	-	chr19	54662883	54664240	1357	21586	1000	N/A	N/A	N/A	N/A	align_both/0014/both0071224	1359	6	309	1050	945	105	70	35	0.9	0.894886	0.107326	0.108409
998	chr19	54239621	54244927	chr19:54219877	0	+	chr19	54219877	54225093	5216	21584	1000	N/A	N/A	N/A	N/A	align_both/0014/both0071203	5309	11	96	5213	5064	149	101	48	0.971418	0.969372	0.0291413	0.0292193
999	chr19	54270126	54288058	chr19:54622823	0	-	chr19	54622823	54646223	23400	21588	1000	N/A	N/A	N/A	N/A	align_both/0014/both0071251	23570	82	5808	17762	16639	1123	702	421	0.936775	0.93247	0.0660497	0.0663502
999	chr19	54278187	54284910	chr19:54589898	0	-	chr19	54589898	54596563	6665	21589	1000	N/A	N/A	N/A	N/A	align_both/0014/both0071253	6763	35	138	6625	6037	588	349	239	0.911245	0.906456	0.0944613	0.0949674
999	chr19	54278201	54281114	chr19:54573281	0	-	chr19	54573281	54576167	2886	21590	1000	N/A	N/A	N/A	N/A	align_both/0014/both0071254	2935	14	71	2864	2611	253	157	96	0.911662	0.907227	0.0939888	0.094598
999	chr19	54288798	54290029	chr19:54606452	0	-	chr19	54606452	54607586	1134	21591	1000	N/A	N/A	N/A	N/A	align_both/0014/both0071259	1239	2	113	1126	1081	45	27	18	0.960036	0.958333	0.0410687	0.041163
999	chr19	54292000	54296676	chr19:54598403	0	-	chr19	54598403	54602937	4534	21592	1000	N/A	N/A	N/A	N/A	align_both/0014/both0071261	5204	20	1198	4006	3641	365	234	131	0.908887	0.904372	0.0971412	0.0978902
999	chr19	54357605	54366219	chr19:54501863	0	-	chr19	54501863	54511507	9644	21593	1000	N/A	N/A	N/A	N/A	align_both/0014/both0071276	10077	38	1896	8181	7661	520	249	271	0.936438	0.932109	0.0664179	0.066494
999	chr19	54367169	54376134	chr19:54491677	0	-	chr19	54491677	54500577	8900	21594	1000	N/A	N/A	N/A	N/A	align_both/0014/both0071277	10461	48	3057	7404	6834	570	345	225	0.923015	0.917069	0.0812296	0.0816318
1000	chr19	54491677	54500577	chr19:54367169	0	-	chr19	54367169	54376134	8965	21594	1000	N/A	N/A	N/A	N/A	align_both/0014/both0071277	10461	48	3057	7404	6834	570	345	225	0.923015	0.917069	0.0812296	0.0816318
1000	chr19	54501863	54511507	chr19:54357605	0	-	chr19	54357605	54366219	8614	21593	1000	N/A	N/A	N/A	N/A	align_both/0014/both0071276	10077	38	1896	8181	7661	520	249	271	0.936438	0.932109	0.0664179	0.066494
1001	chr19	54573281	54576166	chr19:54630479	0	+	chr19	54630479	54633375	2896	21596	1000	N/A	N/A	N/A	N/A	align_both/0014/both0071300	2912	13	43	2869	2611	258	150	108	0.910073	0.905968	0.0957919	0.096266
1001	chr19	54573281	54576167	chr19:54278201	0	-	chr19	54278201	54281114	2913	21590	1000	N/A	N/A	N/A	N/A	align_both/0014/both0071254	2935	14	71	2864	2611	253	157	96	0.911662	0.907227	0.0939888	0.094598
1001	chr19	54573281	54577583	chr19:54593627	0	+	chr19	54593627	54597817	4190	21595	1000	N/A	N/A	N/A	N/A	align_both/0014/both0071299	4671	26	850	3821	3496	325	187	138	0.914944	0.90876	0.0902781	0.0906766
1001	chr19	54589898	54596563	chr19:54278187	0	-	chr19	54278187	54284910	6723	21589	1000	N/A	N/A	N/A	N/A	align_both/0014/both0071253	6763	35	138	6625	6037	588	349	239	0.911245	0.906456	0.0944613	0.0949674
1001	chr19	54589922	54596548	chr19:54626209	0	+	chr19	54626209	54633375	7166	21597	1000	N/A	N/A	N/A	N/A	align_both/0014/both0071302	7219	35	646	6573	5960	613	369	244	0.90674	0.901937	0.0995891	0.100192
1001	chr19	54598403	54602937	chr19:54292000	0	-	chr19	54292000	54296676	4676	21592	1000	N/A	N/A	N/A	N/A	align_both/0014/both0071261	5204	20	1198	4006	3641	365	234	131	0.908887	0.904372	0.0971412	0.0978902
1001	chr19	54606452	54607586	chr19:54288798	0	-	chr19	54288798	54290029	1231	21591	1000	N/A	N/A	N/A	N/A	align_both/0014/both0071259	1239	2	113	1126	1081	45	27	18	0.960036	0.958333	0.0410687	0.041163
1001	chr19	54622823	54646223	chr19:54270126	0	-	chr19	54270126	54288058	17932	21588	1000	N/A	N/A	N/A	N/A	align_both/0014/both0071251	23570	82	5808	17762	16639	1123	702	421	0.936775	0.93247	0.0660497	0.0663502
1001	chr19	54626209	54633375	chr19:54589922	0	+	chr19	54589922	54596548	6626	21597	1000	N/A	N/A	N/A	N/A	align_both/0014/both0071302	7219	35	646	6573	5960	613	369	244	0.90674	0.901937	0.0995891	0.100192
1001	chr19	54630479	54633375	chr19:54573281	0	+	chr19	54573281	54576166	2885	21596	1000	N/A	N/A	N/A	N/A	align_both/0014/both0071300	2912	13	43	2869	2611	258	150	108	0.910073	0.905968	0.0957919	0.096266
1002	chr19	54695839	54698548	chr19:54240222	0	-	chr19	54240222	54243347	3125	21587	1000	N/A	N/A	N/A	N/A	align_both/0014/both0071234	3136	15	438	2698	2437	261	153	108	0.903262	0.898268	0.103572	0.104153
1002	chr19	54695857	54698548	chr19:54220476	0	-	chr19	54220476	54223554	3078	21585	1000	N/A	N/A	N/A	N/A	align_both/0014/both0071218	3091	14	413	2678	2427	251	152	99	0.906273	0.90156	0.100122	0.100748
1002	chr19	54725629	54755089	chr19:54756430	0	+	chr19	54756430	54786421	29991	21598	1000	N/A	N/A	N/A	N/A	align_both/0014/both0071309	31529	156	3607	27922	25388	2534	1305	1229	0.909247	0.904195	0.096731	0.0969917
1002	chr19	54731470	54785281	chr19:54809363	0	+	chr19	54809363	54868186	58823	21599	1000	N/A	N/A	N/A	N/A	align_both/0014/both0071317	60787	295	8940	51847	46843	5004	2785	2219	0.903485	0.898374	0.103315	0.103766
1002	chr19	54756430	54786421	chr19:54725629	0	+	chr19	54725629	54755089	29460	21598	1000	N/A	N/A	N/A	N/A	align_both/0014/both0071309	31529	156	3607	27922	25388	2534	1305	1229	0.909247	0.904195	0.096731	0.0969917
1003	chr19	54809363	54868186	chr19:54731470	0	+	chr19	54731470	54785281	53811	21599	1000	N/A	N/A	N/A	N/A	align_both/0014/both0071317	60787	295	8940	51847	46843	5004	2785	2219	0.903485	0.898374	0.103315	0.103766
1003	chr19	54835800	54839710	chr19:54786421	0	+	chr19	54786421	54790329	3908	21601	1000	N/A	N/A	N/A	N/A	align_both/0014/both0071320	3946	14	74	3872	3624	248	154	94	0.93595	0.932579	0.0669509	0.0672513
1003	chr19	54840511	54868186	chr19:54807054	0	+	chr19	54807054	54831747	24693	21602	1000	N/A	N/A	N/A	N/A	align_both/0014/both0071328	28566	137	4764	23802	21650	2152	1248	904	0.909587	0.904382	0.096344	0.0968183
1004	chr19	54939159	54940305	chr19:54982316	0	-	chr19	54982316	54983462	1146	21603	1000	N/A	N/A	N/A	N/A	align_both/0014/both0071332	1146	0	0	1146	1066	80	53	27	0.930192	0.930192	0.0732736	0.0737474
1006	chr19	55201492	55204055	chr19:55204784	0	+	chr19	55204784	55206962	2178	21604	1000	N/A	N/A	N/A	N/A	align_both/0014/both0071366	2571	11	401	2170	2030	140	95	45	0.935484	0.930766	0.0674612	0.0678997
1006	chr19	55204784	55206962	chr19:55201492	0	+	chr19	55201492	55204055	2563	21604	1000	N/A	N/A	N/A	N/A	align_both/0014/both0071366	2571	11	401	2170	2030	140	95	45	0.935484	0.930766	0.0674612	0.0678997
1010	chr19	55756123	55765055	chr19:55766130	0	+	chr19	55766130	55775058	8928	21605	1000	N/A	N/A	N/A	N/A	align_both/0014/both0071369	8942	10	24	8918	8722	196	109	87	0.978022	0.976927	0.0223065	0.0223255
1014	chr19	56318241	56319758	chr2:156584943	0	-	chr2	156584943	156586154	1211	21665	1000	N/A	N/A	N/A	N/A	align_both/0014/both0071395	1527	8	326	1201	1123	78	48	30	0.935054	0.928867	0.0679315	0.0682293
1016	chr19	56494160	56495437	chr11:14589470	0	-	chr11	14589470	14590752	1282	6806	1000	N/A	N/A	N/A	N/A	align_both/0002/both0011641	1284	4	9	1275	1217	58	45	13	0.95451	0.951525	0.0469282	0.047268
1017	chr19	56672577	56673901	chr22:41433493	0	+	chr22	41433493	41434823	1330	21773	1000	N/A	N/A	N/A	N/A	align_both/0014/both0071408	1333	6	12	1321	1298	23	11	12	0.982589	0.978146	0.0176163	0.0176213
1022	chr19	57365157	57367414	chrX:13712260	0	-	chrX	13712260	13714505	2245	22236	1000	N/A	N/A	N/A	N/A	align_both/0014/both0071423	2293	18	84	2209	2025	184	138	46	0.916704	0.909295	0.0882948	0.0894108
1023	chr19	57487050	57498394	chr19:57498877	0	+	chr19	57498877	57512283	13406	21607	1000	N/A	N/A	N/A	N/A	align_both/0014/both0071420	14540	63	4330	10210	9522	688	435	253	0.932615	0.926896	0.0706066	0.0709688
1026	chr19	57807751	57809481	chr19:57840459	0	-	chr19	57840459	57842870	2411	21608	1000	N/A	N/A	N/A	N/A	align_both/0014/both0071432	2412	6	683	1729	1634	95	54	41	0.945055	0.941787	0.0570617	0.0572061
1026	chr19	57816864	57823624	chr19:57913045	0	-	chr19	57913045	57920546	7501	21609	1000	N/A	N/A	N/A	N/A	align_both/0014/both0071434	8073	50	1885	6188	5597	591	336	255	0.904493	0.897243	0.10216	0.102649
1026	chr19	57819749	57823624	chr19:57849876	0	+	chr19	57849876	57854624	4748	21610	1000	N/A	N/A	N/A	N/A	align_both/0014/both0071435	4778	16	933	3845	3516	329	205	124	0.914434	0.910645	0.0908529	0.09143
1026	chr19	57824603	57825861	chr19:57904491	0	-	chr19	57904491	57905744	1253	21611	1000	N/A	N/A	N/A	N/A	align_both/0014/both0071436	1266	7	21	1245	1128	117	76	41	0.906024	0.900958	0.100407	0.101254
1026	chr19	57825587	57826870	chr6:63211464	0	-	chr6	63211464	63212764	1300	21924	1000	N/A	N/A	N/A	N/A	align_both/0014/both0071449	1306	6	29	1277	1159	118	72	46	0.907596	0.903352	0.0986119	0.0992387
1026	chr19	57827799	57842492	chr19:57872905	0	-	chr19	57872905	57890540	17635	21612	1000	N/A	N/A	N/A	N/A	align_both/0014/both0071438	19333	63	6338	12995	12126	869	562	307	0.933128	0.928626	0.0700431	0.0704343
1026	chr19	57840459	57842870	chr19:57807751	0	-	chr19	57807751	57809481	1730	21608	1000	N/A	N/A	N/A	N/A	align_both/0014/both0071432	2412	6	683	1729	1634	95	54	41	0.945055	0.941787	0.0570617	0.0572061
1026	chr19	57849726	57865394	chr19:57905523	0	-	chr19	57905523	57916724	11201	21613	1000	N/A	N/A	N/A	N/A	align_both/0014/both0071439	15766	50	4663	11103	10445	658	403	255	0.940737	0.936519	0.0617358	0.061975
1026	chr19	57872905	57890540	chr19:57827799	0	-	chr19	57827799	57842492	14693	21612	1000	N/A	N/A	N/A	N/A	align_both/0014/both0071438	19333	63	6338	12995	12126	869	562	307	0.933128	0.928626	0.0700431	0.0704343
1026	chr19	57905523	57916724	chr19:57849726	0	-	chr19	57849726	57865394	15668	21613	1000	N/A	N/A	N/A	N/A	align_both/0014/both0071439	15766	50	4663	11103	10445	658	403	255	0.940737	0.936519	0.0617358	0.061975
128	chr19	58063443	58068550	chr1:49842289	0	+	chr1	49842289	49846489	4200	21343	1000	N/A	N/A	N/A	N/A	align_both/0014/both0071456	5164	12	1021	4143	3838	305	198	107	0.926382	0.923706	0.0774866	0.077977
1028	chr19	58067921	58069408	chrX:101911529	0	+	chrX	101911529	101913023	1494	22237	1000	N/A	N/A	N/A	N/A	align_both/0014/both0071477	1494	2	7	1487	1429	58	44	14	0.960995	0.959705	0.0400555	0.0402826
1031	chr19	58539020	58540918	chr19:58541072	0	+	chr19	58541072	58542895	1823	21614	1000	N/A	N/A	N/A	N/A	align_both/0014/both0071480	1913	13	105	1808	1715	93	37	56	0.948562	0.94179	0.053287	0.0532965
128	chr19	58586599	58590011	chr7:13083	0	-	chr7	13083	16486	3403	21981	1000	N/A	N/A	N/A	N/A	align_both/0014/both0071530	3420	10	25	3395	3303	92	59	33	0.972901	0.970044	0.0276004	0.0276563
128	chr19	58586605	58590012	chr11:171976	0	-	chr11	171976	175429	3453	6802	1000	N/A	N/A	N/A	N/A	align_both/0002/both0010120	3459	8	58	3401	3316	85	52	33	0.975007	0.972719	0.0254186	0.0254572
128	chr19	58586651	58592732	chr18:98796	0	-	chr18	98796	105252	6456	20842	1000	N/A	N/A	N/A	N/A	align_both/0012/both0062539	6467	24	397	6070	5764	306	186	120	0.949588	0.945848	0.0521861	0.0523496
128	chr19	58586653	58607614	chr2:113603235	0	-	chr2	113603235	113624565	21330	21668	1000	N/A	N/A	N/A	N/A	align_both/0014/both0071505	21617	25	943	20674	20392	282	168	114	0.98636	0.985168	0.0137659	0.0137758
128	chr19	58586685	58590012	chr3:198174502	0	+	chr3	198174502	198177830	3328	21807	1000	N/A	N/A	N/A	N/A	align_both/0014/both0071514	3334	7	13	3321	3244	77	47	30	0.976814	0.97476	0.0235517	0.0235845
128	chr19	58586688	58590012	chr16:90122384	0	+	chr16	90122384	90125709	3325	16010	1000	N/A	N/A	N/A	N/A	align_both/0010/both0053857	3331	7	13	3318	3238	80	49	31	0.975889	0.973835	0.024507	0.0245431
128	chr19	58586688	58590012	chr1:176785	0	-	chr1	176785	180110	3325	21344	1000	N/A	N/A	N/A	N/A	align_both/0014/both0071482	3331	7	13	3318	3237	81	50	31	0.975588	0.973534	0.0248184	0.0248568
128	chr19	58586688	58590012	chr9:138237384	0	+	chr9	138237384	138240709	3325	22152	1000	N/A	N/A	N/A	N/A	align_both/0014/both0071542	3331	7	13	3318	3238	80	49	31	0.975889	0.973835	0.024507	0.0245431
128	chr19	58586688	58600311	chr22:50786368	0	+	chr22	50786368	50799999	13631	21774	1000	N/A	N/A	N/A	N/A	align_both/0014/both0071496	13642	11	30	13612	13482	130	81	49	0.99045	0.98965	0.00961172	0.00961761
128	chr19	58586688	58607455	chr4:190183143	0	+	chr4	190183143	190204187	21044	21862	1000	N/A	N/A	N/A	N/A	align_both/0014/both0071517	21202	32	593	20609	20205	404	244	160	0.980397	0.978877	0.0198638	0.019886
128	chr19	58586688	58607455	chr10:133765661	0	+	chr10	133765661	133786744	21083	5212	1000	N/A	N/A	N/A	N/A	align_both/0001/both0009939	21388	27	926	20462	20072	390	238	152	0.98094	0.979648	0.0193061	0.019328
128	chr19	58586694	58590012	chr17:109786	0	-	chr17	109786	113109	3323	19805	1000	N/A	N/A	N/A	N/A	align_both/0011/both0055168	3325	6	9	3316	3239	77	50	27	0.976779	0.975015	0.0235878	0.0236306
128	chr19	58586696	58590011	chr8:201943	0	-	chr8	201943	205261	3318	22002	1000	N/A	N/A	N/A	N/A	align_both/0014/both0071534	3325	8	17	3308	3227	81	47	34	0.975514	0.97316	0.0248947	0.0249239
128	chr19	58586700	58607454	chr8:206058	0	-	chr8	206058	220449	14391	22003	1000	N/A	N/A	N/A	N/A	align_both/0014/both0071535	17403	61	3436	13967	13297	670	381	289	0.95203	0.94789	0.049573	0.0496813
128	chr19	58586712	58590426	chr6:151532	0	-	chr6	151532	155228	3696	21925	1000	N/A	N/A	N/A	N/A	align_both/0014/both0071523	3729	21	48	3681	3471	210	145	65	0.94295	0.937601	0.0593362	0.0596958
128	chr19	58586712	58607456	chr1:248926286	0	+	chr1	248926286	248945231	18945	21345	1000	N/A	N/A	N/A	N/A	align_both/0014/both0071490	21213	40	2737	18476	18039	437	273	164	0.976348	0.974239	0.0240333	0.0240711
128	chr19	58586727	58590012	chr19:242230	0	-	chr19	242230	245512	3282	21350	1000	N/A	N/A	N/A	N/A	align_both/0013/both0065161	3289	7	11	3278	3195	83	52	31	0.97468	0.972603	0.0257576	0.0258016
128	chr19	58586736	58597284	chr4:16235	0	-	chr4	16235	27175	10940	21863	1000	N/A	N/A	N/A	N/A	align_both/0014/both0071515	11720	57	1952	9768	9182	586	370	216	0.940008	0.934555	0.0625273	0.0628071
128	chr19	58586736	58598904	chr4:190099109	0	+	chr4	190099109	190119461	20352	21864	1000	N/A	N/A	N/A	N/A	align_both/0014/both0071518	21131	61	9742	11389	10689	700	452	248	0.938537	0.933537	0.0641279	0.0644516
128	chr19	58586752	58589754	chr2:13454	0	-	chr2	13454	16764	3310	21669	1000	N/A	N/A	N/A	N/A	align_both/0014/both0071498	3326	20	340	2986	2770	216	122	94	0.927662	0.92149	0.076068	0.0763225
128	chr19	58587413	58593373	chr8:60004	0	-	chr8	60004	65989	5985	22004	1000	N/A	N/A	N/A	N/A	align_both/0014/both0071536	6012	21	79	5933	5666	267	173	94	0.954997	0.951629	0.0464092	0.0465777
128	chr19	58587413	58595158	chr16:90220571	0	+	chr16	90220571	90228345	7774	16012	1000	N/A	N/A	N/A	N/A	align_both/0010/both0053858	7805	25	91	7714	7389	325	208	117	0.957869	0.954774	0.0433608	0.0435001
128	chr19	58587413	58607616	chr2:242165372	0	+	chr2	242165372	242183509	18137	21670	1000	N/A	N/A	N/A	N/A	align_both/0014/both0071508	20621	41	2902	17719	17238	481	283	198	0.972854	0.970608	0.0276495	0.027688
128	chr19	58588212	58590554	chr1:867192	0	-	chr1	867192	869546	2354	21346	1000	N/A	N/A	N/A	N/A	align_both/0014/both0071486	2361	5	26	2335	2252	83	52	31	0.964454	0.962393	0.036416	0.0365051
128	chr19	58588746	58607456	chr21:46680533	0	+	chr21	46680533	46699524	18991	21744	1000	N/A	N/A	N/A	N/A	align_both/0014/both0071495	19212	27	723	18489	18240	249	141	108	0.986533	0.985094	0.0135898	0.0135975
1032	chr19	58590136	58607454	chr19:246324	0	-	chr19	246324	259397	13073	21351	1000	N/A	N/A	N/A	N/A	align_both/0013/both0065162	13955	42	1289	12666	12203	463	255	208	0.963445	0.960261	0.0374754	0.0375275
1032	chr19	58590454	58599429	chr1:347968	0	-	chr1	347968	355152	7184	21348	1000	N/A	N/A	N/A	N/A	align_both/0014/both0071484	9003	21	1847	7156	6940	216	140	76	0.969816	0.966978	0.0308087	0.0308817
1032	chr19	58590454	58599429	chr6:170738786	0	+	chr6	170738786	170745979	7193	21926	1000	N/A	N/A	N/A	N/A	align_both/0014/both0071527	9015	24	1862	7153	6942	211	133	78	0.970502	0.967256	0.0300939	0.0301559
1032	chr19	58590454	58600327	chr1:257666	0	-	chr1	257666	265770	8104	21347	1000	N/A	N/A	N/A	N/A	align_both/0014/both0071483	9910	23	1843	8067	7843	224	138	86	0.972233	0.969468	0.0282945	0.0283441
1032	chr19	58590454	58605079	chr5:181465240	0	+	chr5	181465240	181478259	13019	21893	1000	N/A	N/A	N/A	N/A	align_both/0014/both0071522	14842	25	2040	12802	12502	300	193	107	0.976566	0.974663	0.0238077	0.0238497
1032	chr19	58590454	58605357	chr17:83231426	0	+	chr17	83231426	83247136	15710	19827	1000	N/A	N/A	N/A	N/A	align_both/0012/both0061655	15763	32	913	14850	14582	268	176	92	0.981953	0.979841	0.0182678	0.0182945
1032	chr19	58590728	58593854	chr14:106880460	0	+	chr14	106880460	106883160	2700	10685	1000	N/A	N/A	N/A	N/A	align_both/0006/both0034440	3159	14	492	2667	2548	119	69	50	0.955381	0.950392	0.0460018	0.0461036
1032	chr19	58591812	58598499	chr5:13577	0	-	chr5	13577	19535	5958	21894	1000	N/A	N/A	N/A	N/A	align_both/0014/both0071519	6788	37	931	5857	5552	305	183	122	0.947926	0.941975	0.0539706	0.054136
